<?xml version="1.0" encoding="UTF-8"?>
<!-- edited with XMLSPY v5 rel. 2 U (http://www.xmlspy.com) by Michael Paul Johnson (private) -->
<ConchPlugin xmlns:xsi="http://www.w3.org/2001/XMLSchema-instance" xsi:noNamespaceSchemaLocation="conchPlugin.xsd">
	<interfaceKind>NET</interfaceKind>
	<fileName>SimplePlugin.dll</fileName>
	<displayName>
		<text lang="ENG">Hello, world!</text>
	</displayName>
	<treeLocation>
		<text lang="ENG">Task\Programming</text>
		<text lang="ENG">Data\None\Demo</text>
		<text lang="ENG">All</text>
		<text lang="ENG">Experimental</text>
	</treeLocation>
	<componentName>SIL.WordWorks.Conch.HelloWorld</componentName>
</ConchPlugin>
