<?xml version="1.0" encoding="UTF-8"?>
<ConchPlugin xmlns:xsi="http://www.w3.org/2001/XMLSchema-instance" xsi:noNamespaceSchemaLocation="ConchPlugin.xsd">
	<interfaceKind>NET</interfaceKind>
	<fileName>TestPlugin3.dll</fileName>
	<displayName>
		<text lang="ENG">What time?</text>
	</displayName>
	<treeLocation>
		<text lang="ENG">Task\Programming</text>
		<text lang="ENG">Data\None\Demo</text>
		<text lang="ENG">All</text>
		<text lang="ENG">Experimental</text>
	</treeLocation>
	<componentName>SIL.WordWorks.Conch.WhatTime</componentName>
</ConchPlugin>
