<!-- This file is currently not used. -->

<LanguageProject xmlns:sql="urn:schemas-microsoft-com:xml-sql">
	<LexicalDatabase>
		<MorphTypes>
			<sql:xpath-query mapping-schema="sqlxdrM3Stage1Dump.xdr">MoMorphType  </sql:xpath-query>
		</MorphTypes>
		<LexMajorEntries>
			<sql:xpath-query mapping-schema="sqlxdrM3Stage1Dump.xdr">LexMajorEntry  </sql:xpath-query>
		</LexMajorEntries>
	</LexicalDatabase>
	<MorphologicalData>
		<sql:xpath-query mapping-schema="sqlxdrM3Stage1Dump.xdr">MoMorphologicalData </sql:xpath-query>
	</MorphologicalData>
	<PartsOfSpeech>
		<sql:xpath-query mapping-schema="sqlxdrM3Stage1Dump.xdr">PartOfSpeech  </sql:xpath-query>
	</PartsOfSpeech>
	<sql:xpath-query mapping-schema="sqlxdrM3Stage1Dump.xdr">PhPhonologicalData </sql:xpath-query>
</LanguageProject>
