<!-- This file is currently not used. -->

<LanguageProject xmlns:sql="urn:schemas-microsoft-com:xml-sql">

	<MorphologicalData>
		<sql:xpath-query mapping-schema="sqlxdrM3Stage1Dump.xdr">MoMorphologicalData/MoMorphologicalData-CompoundRules</sql:xpath-query>
		<sql:xpath-query mapping-schema="sqlxdrM3Stage1Dump.xdr">MoMorphologicalData/MoMorphologicalData-AdhocCoProhibitions</sql:xpath-query>		<sql:xpath-query mapping-schema="sqlxdrM3Stage1Dump.xdr">MoMorphologicalData/MoMorphologicalData-PhoneEnvs</sql:xpath-query>	
</MorphologicalData>

</LanguageProject>
