<?xml version="1.0" encoding="UTF-8"?>
<EntireModel>
	<CellarModule id="Cellar" num="0" ver="1" verBack="1">
		<class num="0" id="CmObject" abstract="false" abbr="obj">
			<props/>
		</class>
		<class num="3" id="CmFolderObject" abstract="false" abbr="fobj" base="CmObject" depth="0">
			<props>
				<basic num="1" id="Name" sig="MultiUnicode"/>
				<rel num="2" id="Object" card="atomic" sig="CmMajorObject"/>
			</props>
		</class>
		<class num="2" id="CmFolder" abstract="false" abbr="fold" base="CmObject" depth="0">
			<props>
				<basic num="1" id="Name" sig="MultiUnicode"/>
				<basic num="2" id="DateCreated" sig="Time"/>
				<basic num="5" id="Description" sig="MultiString" big="true"/>
				<owning num="3" id="SubFolders" card="col" sig="CmFolder"/>
				<owning num="4" id="Objects" card="col" sig="CmFolderObject"/>
			</props>
		</class>
		<class num="5" id="CmMajorObject" abstract="true" abbr="mobj" base="CmObject" depth="0">
			<props>
				<basic num="1" id="Name" sig="MultiUnicode"/>
				<basic num="2" id="DateCreated" sig="Time"/>
				<basic num="3" id="DateModified" sig="Time"/>
				<basic num="4" id="Description" sig="MultiString" big="true"/>
			</props>
		</class>
		<class num="20" id="UserViewField" abstract="false" abbr="uvf" base="CmObject" depth="0">
			<props>
				<basic num="1" id="Label" sig="MultiUnicode"/>
				<basic num="2" id="HelpString" sig="MultiUnicode"/>
				<basic num="3" id="Type" sig="Integer" min="0" max="127"/>
				<basic num="4" id="Flid" sig="Integer"/>
				<basic num="5" id="Visibility" sig="Integer" min="0" max="127"/>
				<basic num="6" id="Required" sig="Integer" min="0" max="127"/>
				<basic num="7" id="Style" sig="Unicode"/>
				<basic num="9" id="Details" sig="Binary"/>
				<basic num="10" id="Encoding" sig="Integer"/>
				<basic num="11" id="IsCustomField" sig="Boolean"/>
				<rel num="8" id="SubfieldOf" card="atomic" sig="UserViewField"/>
				<rel num="12" id="PossList" card="atomic" sig="CmPossibilityList"/>
			</props>
		</class>
		<class num="24" id="LgWritingSystem" abstract="false" abbr="enc" base="CmObject" depth="0">
			<props>
				<basic num="1" id="Name" sig="MultiUnicode"/>
				<basic num="2" id="Encoding" sig="Integer"/>
				<basic num="3" id="Locale" sig="Integer"/>
				<basic num="6" id="Abbr" sig="MultiUnicode"/>
				<owning num="4" id="WritingSystems" card="col" sig="LgOldWritingSystem"/>
				<rel num="5" id="WritingSystemDef" card="atomic" sig="LgOldWritingSystem"/>
			</props>
		</class>
		<class num="18" id="UserView" abstract="false" abbr="uvw" base="CmObject" depth="0">
			<props>
				<basic num="1" id="Name" sig="MultiUnicode"/>
				<basic num="2" id="Type" sig="Integer" min="0" max="127"/>
				<basic num="3" id="App" sig="Guid"/>
				<basic num="5" id="Details" sig="Binary"/>
				<basic num="6" id="System" sig="Boolean"/>
				<basic num="7" id="SubType" sig="Integer"/>
				<owning num="4" id="Records" card="col" sig="UserViewRec"/>
			</props>
		</class>
		<class num="14" id="StText" abstract="false" abbr="stxt" base="CmObject" depth="0">
			<props>
				<basic num="2" id="RightToLeft" sig="Boolean"/>
				<owning num="1" id="Paragraphs" card="seq" sig="StPara"/>
			</props>
		</class>
		<class num="10" id="CmRow" abstract="false" abbr="frow" base="CmObject" depth="0">
			<props>
				<owning num="1" id="Cells" card="seq" sig="CmCell"/>
			</props>
		</class>
		<class num="11" id="CmCell" abstract="false" abbr="fcel" base="CmObject" depth="0">
			<props>
				<basic num="1" id="Contents" sig="String"/>
			</props>
		</class>
		<class num="17" id="StStyle" abstract="false" abbr="ssty" base="CmObject" depth="0">
			<props>
				<basic num="1" id="Name" sig="Unicode"/>
				<basic num="4" id="Type" sig="Integer" min="0" max="255"/>
				<basic num="5" id="Rules" sig="Binary"/>
				<rel num="2" id="BasedOn" card="atomic" sig="StStyle"/>
				<rel num="3" id="Next" card="atomic" sig="StStyle"/>
			</props>
		</class>
		<class num="28" id="CrossReference" abstract="false" abbr="cref" base="CmObject" depth="0">
			<props>
				<basic num="1" id="Comment" sig="MultiString" big="true"/>
			</props>
		</class>
		<class num="15" id="StPara" abstract="true" abbr="spar" base="CmObject" depth="0">
			<props>
				<basic num="1" id="StyleName" sig="Unicode"/>
				<basic num="2" id="StyleRules" sig="Binary"/>
			</props>
		</class>
		<class num="7" id="CmPossibility" abstract="false" abbr="pss" base="CmObject" depth="0">
			<props>
				<basic num="1" id="Name" sig="MultiUnicode"/>
				<basic num="2" id="Abbreviation" sig="MultiUnicode"/>
				<basic num="3" id="Description" sig="MultiString" big="true"/>
				<basic num="6" id="SortSpec" sig="Integer"/>
				<basic num="10" id="DateCreated" sig="Time"/>
				<basic num="11" id="DateModified" sig="Time"/>
				<basic num="14" id="HelpId" sig="Unicode"/>
				<rel num="8" id="Confidence" card="atomic" sig="CmPossibility"/>
				<rel num="13" id="Researchers" card="col" sig="CmPerson"/>
				<owning num="12" id="Discussion" card="atomic" sig="StText"/>
				<rel num="9" id="Status" card="atomic" sig="CmPossibility"/>
				<owning num="4" id="SubPossibilities" card="seq" sig="CmPossibility"/>
				<rel num="7" id="Restrictions" card="col" sig="CmPossibility"/>
			</props>
		</class>
		<class num="22" id="CmOverlayTag" abstract="false" abbr="ovlt" base="CmObject" depth="0">
			<props>
				<basic num="2" id="ForeColor" sig="Integer"/>
				<basic num="3" id="BackColor" sig="Integer"/>
				<basic num="4" id="UnderColor" sig="Integer"/>
				<basic num="5" id="UnderStyle" sig="Integer" min="0" max="127"/>
				<basic num="6" id="Hidden" sig="Boolean"/>
				<rel num="1" id="PossItem" card="atomic" sig="CmPossibility"/>
			</props>
		</class>
		<class num="1" id="CmProject" abstract="true" abbr="proj" base="CmObject" depth="0">
			<props>
				<basic num="1" id="Name" sig="MultiUnicode"/>
				<basic num="2" id="DateCreated" sig="Time"/>
				<owning num="3" id="Folders" card="col" sig="CmFolder"/>
			</props>
		</class>
		<class num="29" id="CmTranslation" abstract="false" abbr="tran" base="CmObject" depth="0">
			<props>
				<basic num="1" id="Translation" sig="MultiString" big="true"/>
				<rel num="2" id="Type" card="atomic" sig="CmPossibility"/>
			</props>
		</class>
		<class num="21" id="CmOverlay" abstract="false" abbr="ovl" base="CmObject" depth="0">
			<props>
				<basic num="1" id="Name" sig="Unicode"/>
				<owning num="3" id="Items" card="col" sig="CmOverlayTag"/>
				<rel num="2" id="PossList" card="atomic" sig="CmPossibilityList"/>
			</props>
		</class>
		<class num="19" id="UserViewRec" abstract="false" abbr="uvr" base="CmObject" depth="0">
			<props>
				<basic num="1" id="Clsid" sig="Integer"/>
				<basic num="2" id="Level" sig="Integer" min="0" max="127"/>
				<basic num="4" id="Details" sig="Binary"/>
				<owning num="3" id="Fields" card="seq" sig="UserViewField"/>
			</props>
		</class>
		<class num="9" id="CmFilter" abstract="false" abbr="fil" base="CmObject" depth="0">
			<props>
				<basic num="1" id="Name" sig="Unicode"/>
				<basic num="2" id="ClassId" sig="Integer"/>
				<basic num="3" id="FieldId" sig="Integer"/>
				<basic num="4" id="FieldInfo" sig="Unicode"/>
				<basic num="5" id="App" sig="Guid"/>
				<basic num="6" id="Type" sig="Integer" min="0" max="127"/>
				<basic num="8" id="ColumnInfo" sig="Unicode"/>
				<basic num="9" id="ShowPrompt" sig="Integer" min="0" max="127"/>
				<basic num="10" id="PromptText" sig="Unicode"/>
				<owning num="7" id="Rows" card="seq" sig="CmRow"/>
			</props>
		</class>
		<class num="25" id="LgOldWritingSystem" abstract="false" abbr="lgws" base="CmObject" depth="0">
			<props>
				<basic num="1" id="Name" sig="MultiUnicode"/>
				<basic num="2" id="Description" sig="MultiString"/>
				<basic num="3" id="Code" sig="Integer"/>
				<basic num="4" id="Abbr" sig="Unicode"/>
				<basic num="5" id="Renderer" sig="Guid"/>
				<basic num="6" id="RendererInit" sig="Unicode"/>
			</props>
		</class>
		<class num="23" id="CmAnalyzingAgent" abstract="false" abbr="laag" base="CmObject" depth="0">
			<props>
				<basic num="1" id="Name" sig="MultiUnicode"/>
				<basic num="2" id="StateInformation" sig="Unicode"/>
				<basic num="3" id="Human" sig="Boolean"/>
				<basic num="5" id="Version" sig="Unicode"/>
				<owning num="4" id="Notes" card="atomic" sig="StText"/>
			</props>
		</class>
		<class num="12" id="CmLocation" abstract="false" abbr="loc" base="CmPossibility" depth="1">
			<props>
				<basic num="1" id="Alias" sig="MultiUnicode"/>
			</props>
		</class>
		<class num="26" id="CmAnthroItem" abstract="false" abbr="anit" base="CmPossibility" depth="1">
			<props/>
		</class>
		<class num="13" id="CmPerson" abstract="false" abbr="per" base="CmPossibility" depth="1">
			<props>
				<basic num="1" id="Alias" sig="MultiUnicode"/>
				<basic num="3" id="Gender" sig="Integer" min="0" max="2"/>
				<basic num="4" id="DateOfBirth" sig="GenDate"/>
				<basic num="8" id="IsResearcher" sig="Boolean"/>
				<basic num="11" id="DateOfDeath" sig="GenDate"/>
				<rel num="10" id="Education" card="atomic" sig="CmPossibility"/>
				<rel num="6" id="PlaceOfBirth" card="atomic" sig="CmLocation"/>
				<rel num="9" id="PlacesOfResidence" card="col" sig="CmLocation"/>
				<rel num="13" id="Positions" card="col" sig="CmPossibility"/>
			</props>
		</class>
		<class num="8" id="CmPossibilityList" abstract="false" abbr="pssl" base="CmMajorObject" depth="1">
			<props>
				<basic num="2" id="Depth" sig="Integer" min="0" max="127"/>
				<basic num="3" id="PreventChoiceAboveLevel" sig="Integer" min="0" max="8"/>
				<basic num="4" id="IsSorted" sig="Boolean"/>
				<basic num="5" id="IsClosed" sig="Boolean"/>
				<basic num="6" id="PreventDuplicates" sig="Boolean"/>
				<basic num="7" id="PreventNodeChoices" sig="Boolean"/>
				<basic num="10" id="Abbreviation" sig="MultiUnicode"/>
				<basic num="11" id="HelpFile" sig="Unicode"/>
				<basic num="12" id="UseExtendedFields" sig="Boolean"/>
				<basic num="13" id="DisplayOption" sig="Integer" min="0" max="2"/>
				<basic num="14" id="ItemClsid" sig="Integer"/>
				<basic num="15" id="IsVernacular" sig="Boolean"/>
				<owning num="8" id="Possibilities" card="seq" sig="CmPossibility"/>
			</props>
		</class>
		<class num="16" id="StTxtPara" abstract="false" abbr="tpar" base="StPara" depth="1">
			<props>
				<basic num="2" id="Contents" sig="String" big="true"/>
				<basic num="1" id="Label" sig="String"/>
				<rel num="7" id="Translations" card="col" sig="CmTranslation"/>
				<rel num="6" id="ObjRefs" card="col" sig="CmObject"/>
				<rel num="4" id="TextObjects" card="seq" sig="CmObject"/>
				<owning num="5" id="AnalyzedTextObjects" card="seq" sig="CmObject"/>
			</props>
		</class>
		<class num="27" id="CmCustomItem" abstract="false" abbr="cci" base="CmPossibility" depth="1">
			<props/>
		</class>
	</CellarModule>
	<CellarModule id="FeatSys" num="2" ver="1" verBack="1">
		<class num="8" id="FsFeatureSpecification" abstract="true" abbr="fspc" base="CmObject" depth="0">
			<props>
				<basic num="1" id="RefNumber" sig="Integer" min="0" max="268435455"/>
				<basic num="2" id="ValueState" sig="Integer" min="0" max="15"/>
				<rel num="3" id="Feature" card="atomic" sig="FsFeatureDefn"/>
			</props>
		</class>
		<class num="7" id="FsFeatureDefn" abstract="true" abbr="fdef" base="CmObject" depth="0">
			<props>
				<basic num="1" id="Name" sig="MultiUnicode"/>
				<basic num="2" id="Abbreviation" sig="MultiUnicode"/>
				<basic num="3" id="Description" sig="MultiString"/>
				<owning num="4" id="Default" card="atomic" sig="FsFeatureSpecification"/>
			</props>
		</class>
		<class num="17" id="FsSymbolicFeatureValue" abstract="false" abbr="fval" base="CmObject" depth="0">
			<props>
				<basic num="1" id="Name" sig="MultiUnicode"/>
				<basic num="2" id="Abbreviation" sig="MultiUnicode"/>
				<basic num="3" id="Description" sig="MultiString"/>
			</props>
		</class>
		<class num="1" id="FsFeatureSystem" abstract="false" abbr="fsys" base="CmObject" depth="0">
			<props>
				<owning num="2" id="Types" card="col" sig="FsFeatureStructureType"/>
			</props>
		</class>
		<class num="12" id="FsAbstractStructure" abstract="true" abbr="abst" base="CmObject" depth="0">
			<props/>
		</class>
		<class num="11" id="FsFeatureStructureType" abstract="false" abbr="fst" base="CmObject" depth="0">
			<props>
				<basic num="1" id="Name" sig="MultiUnicode"/>
				<basic num="2" id="Abbreviation" sig="MultiUnicode"/>
				<basic num="3" id="Description" sig="MultiString"/>
				<owning num="4" id="Features" card="col" sig="FsFeatureDefn"/>
			</props>
		</class>
		<class num="13" id="FsNegatedValue" abstract="false" abbr="nval" base="FsFeatureSpecification" depth="1">
			<props>
				<rel num="1" id="Value" card="atomic" sig="FsSymbolicFeatureValue"/>
			</props>
		</class>
		<class num="4" id="FsComplexFeature" abstract="false" abbr="comf" base="FsFeatureDefn" depth="1">
			<props>
				<rel num="1" id="Type" card="atomic" sig="FsFeatureStructureType"/>
			</props>
		</class>
		<class num="6" id="FsDisjunctiveValue" abstract="false" abbr="dval" base="FsFeatureSpecification" depth="1">
			<props>
				<rel num="1" id="Value" card="col" sig="FsSymbolicFeatureValue"/>
			</props>
		</class>
		<class num="9" id="FsFeatureStructure" abstract="false" abbr="fstr" base="FsAbstractStructure" depth="1">
			<props>
				<rel num="3" id="Type" card="atomic" sig="FsFeatureStructureType"/>
				<owning num="2" id="FeatureSpecs" card="col" sig="FsFeatureSpecification"/>
				<owning num="1" id="FeatureDisjunctions" card="col" sig="FsFeatureStructureDisjunction"/>
			</props>
		</class>
		<class num="2" id="FsClosedFeature" abstract="false" abbr="clof" base="FsFeatureDefn" depth="1">
			<props>
				<owning num="1" id="Values" card="col" sig="FsSymbolicFeatureValue"/>
			</props>
		</class>
		<class num="15" id="FsOpenValue" abstract="false" abbr="oval" base="FsFeatureSpecification" depth="1">
			<props>
				<basic num="1" id="Value" sig="MultiUnicode"/>
			</props>
		</class>
		<class num="16" id="FsSharedValue" abstract="false" abbr="sval" base="FsFeatureSpecification" depth="1">
			<props>
				<rel num="1" id="Value" card="atomic" sig="FsFeatureSpecification"/>
			</props>
		</class>
		<class num="5" id="FsComplexValue" abstract="false" abbr="cval" base="FsFeatureSpecification" depth="1">
			<props>
				<owning num="1" id="Value" card="atomic" sig="FsAbstractStructure"/>
			</props>
		</class>
		<class num="3" id="FsClosedValue" abstract="false" abbr="clov" base="FsFeatureSpecification" depth="1">
			<props>
				<rel num="1" id="Value" card="atomic" sig="FsSymbolicFeatureValue"/>
			</props>
		</class>
		<class num="14" id="FsOpenFeature" abstract="false" abbr="opf" base="FsFeatureDefn" depth="1">
			<props>
				<basic num="1" id="Encoding" sig="Integer"/>
			</props>
		</class>
		<class num="10" id="FsFeatureStructureDisjunction" abstract="false" abbr="fsd" base="FsAbstractStructure" depth="1">
			<props>
				<owning num="1" id="Contents" card="col" sig="FsFeatureStructure"/>
			</props>
		</class>
	</CellarModule>
	<CellarModule id="Scripture" num="3" ver="1" verBack="1">
		<class num="5" id="ScrSection" abstract="false" abbr="scsc" base="CmObject" depth="0">
			<props>
				<basic num="3" id="VerseRefStart" sig="Integer"/>
				<basic num="4" id="VerseRefEnd" sig="Integer"/>
				<owning num="2" id="Content" card="atomic" sig="StText"/>
				<owning num="1" id="Heading" card="atomic" sig="StText"/>
			</props>
		</class>
		<class num="7" id="ScrBookGroup" abstract="false" abbr="scbg" base="CmObject" depth="0">
			<props>
				<basic num="1" id="Name" sig="MultiString"/>
				<rel num="2" id="Books" card="seq" sig="ScrBookRef"/>
				<owning num="3" id="BookGroups" card="col" sig="ScrBookGroup"/>
			</props>
		</class>
		<class num="4" id="ScrBookRef" abstract="false" abbr="scbr" base="CmObject" depth="0">
			<props>
				<basic num="2" id="BookId" sig="Unicode"/>
				<owning num="1" id="References" card="seq" sig="ScrRef"/>
			</props>
		</class>
		<class num="6" id="ScrRef" abstract="false" abbr="scrr" base="CmObject" depth="0">
			<props>
				<basic num="4" id="BBCCCVVV" sig="Integer"/>
			</props>
		</class>
		<class num="2" id="ScrBook" abstract="false" abbr="scrb" base="CmObject" depth="0">
			<props>
				<basic num="2" id="Name" sig="MultiUnicode"/>
				<basic num="5" id="Abbrev" sig="MultiUnicode"/>
				<rel num="3" id="BookId" card="atomic" sig="ScrBookRef"/>
				<owning num="1" id="Sections" card="seq" sig="ScrSection"/>
				<owning num="4" id="Title" card="atomic" sig="StText"/>
			</props>
		</class>
		<class num="3" id="ScrRefSystem" abstract="false" abbr="scrf" base="CmObject" depth="0">
			<props>
				<owning num="1" id="Books" card="seq" sig="ScrBookRef"/>
			</props>
		</class>
		<class num="1" id="Scripture" abstract="false" abbr="scrp" base="CmMajorObject" depth="1">
			<props>
				<owning num="2" id="Styles" card="col" sig="StStyle"/>
				<owning num="1" id="ScriptureBooks" card="seq" sig="ScrBook"/>
			</props>
		</class>
	</CellarModule>
	<CellarModule id="Notebk" num="4" ver="1" verBack="1">
		<class num="10" id="RnRoledParticipants" abstract="false" abbr="rps" base="CmObject" depth="0">
			<props>
				<rel num="2" id="Role" card="atomic" sig="CmPossibility"/>
				<rel num="1" id="Participants" card="col" sig="CmPerson"/>
			</props>
		</class>
		<class num="7" id="Reminder" abstract="false" abbr="rem" base="CmObject" depth="0">
			<props>
				<basic num="1" id="Description" sig="String" big="true"/>
				<basic num="2" id="Date" sig="GenDate"/>
			</props>
		</class>
		<class num="4" id="RnGenericRecord" abstract="true" abbr="genr" base="CmObject" depth="0">
			<props>
				<basic num="1" id="Title" sig="String"/>
				<basic num="10" id="DateCreated" sig="Time"/>
				<basic num="11" id="DateModified" sig="Time"/>
				<owning num="2" id="VersionHistory" card="atomic" sig="StText"/>
				<rel num="8" id="PhraseTags" card="col" sig="CmPossibility"/>
				<rel num="4" id="Researchers" card="col" sig="CmPerson"/>
				<rel num="3" id="Reminders" card="col" sig="Reminder"/>
				<owning num="13" id="ExternalMaterials" card="atomic" sig="StText"/>
				<rel num="12" id="CrossReferences" card="col" sig="CrossReference"/>
				<owning num="9" id="SubRecords" card="seq" sig="RnGenericRecord"/>
				<rel num="7" id="AnthroCodes" card="col" sig="CmAnthroItem"/>
				<rel num="5" id="Confidence" card="atomic" sig="CmPossibility"/>
				<rel num="6" id="Restrictions" card="col" sig="CmPossibility"/>
			</props>
		</class>
		<class num="6" id="RnEvent" abstract="false" abbr="evn" base="RnGenericRecord" depth="1">
			<props>
				<basic num="8" id="DateOfEvent" sig="GenDate"/>
				<rel num="7" id="Sources" card="col" sig="CmPerson"/>
				<owning num="2" id="Participants" card="col" sig="RnRoledParticipants"/>
				<rel num="4" id="Type" card="atomic" sig="CmPossibility"/>
				<rel num="6" id="Weather" card="col" sig="CmPossibility"/>
				<owning num="10" id="PersonalNotes" card="atomic" sig="StText"/>
				<rel num="3" id="Locations" card="col" sig="CmLocation"/>
				<rel num="9" id="TimeOfEvent" card="col" sig="CmPossibility"/>
				<owning num="1" id="Description" card="atomic" sig="StText"/>
			</props>
		</class>
		<class num="1" id="RnResearchNotebook" abstract="false" abbr="rnb" base="CmMajorObject" depth="1">
			<props>
				<owning num="1" id="Records" card="col" sig="RnGenericRecord"/>
				<owning num="2" id="Reminders" card="col" sig="Reminder"/>
				<owning num="3" id="EventTypes" card="atomic" sig="CmPossibilityList"/>
				<owning num="4" id="CrossReferences" card="col" sig="CrossReference"/>
			</props>
		</class>
		<class num="5" id="RnAnalysis" abstract="false" abbr="ana" base="RnGenericRecord" depth="1">
			<props>
				<rel num="7" id="SupersededBy" card="col" sig="RnAnalysis"/>
				<owning num="9" id="FurtherQuestions" card="atomic" sig="StText"/>
				<owning num="4" id="Conclusions" card="atomic" sig="StText"/>
				<rel num="6" id="CounterEvidence" card="seq" sig="RnGenericRecord"/>
				<owning num="2" id="ResearchPlan" card="atomic" sig="StText"/>
				<owning num="3" id="Discussion" card="atomic" sig="StText"/>
				<rel num="5" id="SupportingEvidence" card="seq" sig="RnGenericRecord"/>
				<rel num="8" id="Status" card="atomic" sig="CmPossibility"/>
				<owning num="1" id="Hypothesis" card="atomic" sig="StText"/>
			</props>
		</class>
	</CellarModule>
	<CellarModule id="Ling" num="5" ver="1" verBack="1">
		<class num="40" id="MoMorphologicalData" abstract="false" abbr="mdat" base="CmObject" depth="0">
			<props>
				<owning num="6" id="TestSets" card="col" sig="WfiWordSet"/>
				<owning num="1" id="Strata" card="seq" sig="MoStratum"/>
				<owning num="3" id="AdhocCoProhibitions" card="col" sig="MoAdhocCoProhibition"/>
				<owning num="2" id="CompoundRules" card="seq" sig="MoCompoundRule"/>
				<owning num="4" id="PhoneEnvs" card="col" sig="PhPhonologicalContext"/>
				<owning num="5" id="AnalyzingAgents" card="col" sig="CmAnalyzingAgent"/>
			</props>
		</class>
		<class num="72" id="MoDerivationTrace" abstract="true" abbr="drvtntrc" base="CmObject" depth="0">
			<props>
				<basic num="1" id="OutputForm" sig="MultiUnicode"/>
			</props>
		</class>
		<class num="10" id="LexPair" abstract="false" abbr="pair" base="CmObject" depth="0">
			<props>
				<basic num="1" id="Comment" sig="MultiString"/>
				<owning num="2" id="MemberA" card="atomic" sig="LexSetItem"/>
				<owning num="3" id="MemberB" card="atomic" sig="LexSetItem"/>
			</props>
		</class>
		<class num="90" id="PhTerminalUnit" abstract="true" abbr="termunit" base="CmObject" depth="0">
			<props>
				<basic num="1" id="Name" sig="MultiUnicode"/>
				<basic num="2" id="Description" sig="MultiString"/>
				<owning num="3" id="Codes" card="seq" sig="PhCode"/>
			</props>
		</class>
		<class num="93" id="PhNaturalClass" abstract="true" abbr="natclass" base="CmObject" depth="0">
			<props>
				<basic num="1" id="Name" sig="MultiUnicode"/>
				<basic num="3" id="Description" sig="MultiString"/>
			</props>
		</class>
		<class num="89" id="PhPhonemeSet" abstract="false" abbr="phnmeset" base="CmObject" depth="0">
			<props>
				<basic num="1" id="Name" sig="MultiUnicode"/>
				<basic num="4" id="Description" sig="MultiString"/>
				<owning num="3" id="BoundaryMarkers" card="col" sig="PhBdryMarker"/>
				<owning num="2" id="Phonemes" card="col" sig="PhPhoneme"/>
			</props>
		</class>
		<class num="53" id="ReversalIndexEntry" abstract="false" abbr="reve" base="CmObject" depth="0">
			<props>
				<basic num="1" id="Name" sig="String"/>
				<owning num="2" id="Subentries" card="col" sig="ReversalIndexEntry"/>
				<rel num="3" id="PartOfSpeech" card="atomic" sig="PartOfSpeech"/>
			</props>
		</class>
		<class num="59" id="WfiAnalysis" abstract="false" abbr="ana" base="CmObject" depth="0">
			<props>
				<rel num="9" id="MSIs" card="seq" sig="MoMorphoSyntaxInfo"/>
				<rel num="8" id="InvalidatingSources" card="col" sig="CmAnalyzingAgent"/>
				<rel num="3" id="Category" card="atomic" sig="PartOfSpeech"/>
				<owning num="6" id="Derivation" card="atomic" sig="MoDerivation"/>
				<owning num="4" id="MsFeatures" card="atomic" sig="FsFeatureStructure"/>
				<rel num="5" id="Stems" card="col" sig="LexEntry"/>
				<rel num="1" copyIntoOutput='xtrue' id="Morphs" card="seq" sig="MoForm"/>
				<rel num="7" id="ValidatingSources" card="col" sig="CmAnalyzingAgent"/>
				<owning num="2" id="Interpretations" card="col" sig="WfiInterpretation"/>
			</props>
		</class>
		<class num="2" id="LexEntry" abstract="true" abbr="ent" base="CmObject" depth="0">
			<props>
				<basic num="1" id="HomographNumber" sig="Integer" min="0" max="255"/>
				<basic num="2" id="IsIncludedAsHeadword" sig="Boolean"/>
				<basic num="3" id="CitationForm" sig="MultiUnicode"/>
				<basic num="4" id="OrthographicVariants" sig="MultiUnicode"/>
				<basic num="5" id="DateCreated" sig="Time"/>
				<basic num="6" id="DateModified" sig="Time"/>
				<owning num="7" id="Pronunciations" card="col" sig="LexPronunciation"/>
				<owning num="10" id="UnderlyingForm" card="atomic" sig="MoForm"/>
				<owning num="8" id="Allomorphs" card="seq" sig="MoForm"/>
				<owning num="9" id="MorphoSyntaxInfo" card="col" sig="MoMorphoSyntaxInfo"/>
			</props>
		</class>
		<class num="36" id="MoInflAffixSlot" abstract="false" abbr="aslt" base="CmObject" depth="0">
			<props>
				<basic num="1" id="Name" sig="MultiUnicode"/>
				<basic num="2" id="Description" sig="MultiString"/>
				<basic num="4" id="Optional" sig="Boolean"/>
				<rel num="3" id="Affixes" card="seq" sig="MoInflectionalAffixMsi"/>
			</props>
		</class>
		<class num="30" id="MoCompoundRule" abstract="true" abbr="cmpr" base="CmObject" depth="0">
			<props>
				<basic num="1" id="Name" sig="MultiUnicode"/>
				<basic num="2" id="Description" sig="MultiString"/>
				<rel num="7" id="Stratum" card="atomic" sig="MoStratum"/>
				<rel num="6" id="RightPartOfSpeech" card="atomic" sig="PartOfSpeech"/>
				<owning num="4" id="RightFeatures" card="atomic" sig="FsFeatureStructure"/>
				<owning num="3" id="LeftFeatures" card="atomic" sig="FsFeatureStructure"/>
				<rel num="8" id="Linker" card="atomic" sig="MoAffixAllomorph"/>
				<rel num="5" id="LeftPartOfSpeech" card="atomic" sig="PartOfSpeech"/>
			</props>
		</class>
		<class num="96" id="PhFeatureConstraint" abstract="false" abbr="ftconstr" base="CmObject" depth="0">
			<props>
				<rel num="1" id="Feature" card="atomic" sig="FsFeatureDefn"/>
			</props>
		</class>
		<class num="62" id="WfiWordform" abstract="false" abbr="wfm" base="CmObject" depth="0">
			<props>
				<basic num="1" id="Form" sig="MultiUnicode"/>
				<basic num="3" id="SpellingStatus" sig="Integer" min="0" max="2"/>
				<owning num="2" id="Analyses" card="col" sig="WfiAnalysis"/>
			</props>
		</class>
		<class num="57" id="TxtSegment" abstract="false" abbr="seg" base="CmObject" depth="0">
			<props>
				<owning num="1" id="Contents" card="seq" sig="TxtWordformInContext"/>
				<owning num="3" id="Constructs" card="col" sig="TxtConstructInContext"/>
				<owning num="2" id="Translations" card="col" sig="CmTranslation"/>
			</props>
		</class>
		<class num="98" id="PhCode" abstract="false" abbr="phme" base="CmObject" depth="0">
			<props>
				<basic num="1" id="Representation" sig="MultiUnicode"/>
			</props>
		</class>
		<class num="58" id="TxtWordformInContext" abstract="false" abbr="wic" base="CmObject" depth="0">
			<props>
				<basic num="1" id="Form" sig="String"/>
				<basic num="2" id="SoundFileBeginOffset" sig="Integer"/>
				<basic num="4" id="ParaCharOffset" sig="Integer"/>
				<basic num="5" id="VerseRefStart" sig="Integer"/>
				<basic num="6" id="VerseRefEnd" sig="Integer"/>
				<rel num="3" id="Analysis" card="atomic" sig="CmObject"/>
			</props>
		</class>
		<class num="26" id="MoAdhocCoProhibition" abstract="true" abbr="acp" base="CmObject" depth="0">
			<props>
				<basic num="2" id="Adjacency" sig="Integer"/>
			</props>
		</class>
		<class num="100" id="MoDerivation" abstract="false" abbr="mder" base="CmObject" depth="0">
			<props>
				<owning num="3" id="InflectionalFeatures" card="atomic" sig="FsFeatureStructure"/>
				<owning num="4" id="StratumApps" card="seq" sig="MoStratumApp"/>
				<rel num="1" id="StemForm" card="atomic" sig="MoStemAllomorph"/>
				<rel num="2" id="StemMsi" card="atomic" sig="MoStemMsi"/>
			</props>
		</class>
		<class num="13" id="LexPicture" abstract="false" abbr="pix" base="CmObject" depth="0">
			<props>
				<basic num="1" id="Caption" sig="MultiString"/>
				<basic num="2" id="Picture" sig="Image"/>
			</props>
		</class>
		<class num="99" id="PhPhonologicalData" abstract="false" abbr="pdat" base="CmObject" depth="0">
			<props>
				<owning num="1" id="PhonemeSets" card="seq" sig="PhPhonemeSet"/>
				<owning num="4" id="Contexts" card="seq" sig="PhContextOrVar"/>
				<owning num="2" id="Environments" card="seq" sig="PhEnvironment"/>
				<owning num="3" id="NaturalClasses" card="seq" sig="PhNaturalClass"/>
			</props>
		</class>
		<class num="17" id="LexSet" abstract="true" abbr="set" base="CmObject" depth="0">
			<props>
				<basic num="1" id="Abbreviation" sig="MultiString"/>
				<basic num="2" id="Comment" sig="MultiString"/>
				<basic num="3" id="Name" sig="MultiString"/>
				<rel num="4" id="PartOfSpeech" card="atomic" sig="PartOfSpeech"/>
			</props>
		</class>
		<class num="37" id="MoInflAffixTemplate" abstract="false" abbr="atmp" base="CmObject" depth="0">
			<props>
				<basic num="1" id="Name" sig="MultiUnicode"/>
				<basic num="2" id="Description" sig="MultiString"/>
				<owning num="5" id="Region" card="col" sig="FsFeatureStructure"/>
				<rel num="7" id="SuffixSlots" card="seq" sig="MoInflAffixSlot"/>
				<rel num="4" id="Stratum" card="atomic" sig="MoStratum"/>
				<rel num="6" id="PrefixSlots" card="seq" sig="MoInflAffixSlot"/>
				<rel num="3" id="Slots" card="seq" sig="MoInflAffixSlot"/>
			</props>
		</class>
		<class num="44" id="MoReferralRule" abstract="false" abbr="rrul" base="CmObject" depth="0">
			<props>
				<basic num="1" id="Name" sig="MultiUnicode"/>
				<basic num="2" id="Description" sig="MultiString"/>
				<owning num="3" id="Input" card="atomic" sig="FsFeatureStructure"/>
				<owning num="4" id="Output" card="atomic" sig="FsFeatureStructure"/>
			</props>
		</class>
		<class num="55" id="TxtConstructInContext" abstract="false" abbr="cic" base="CmObject" depth="0">
			<props>
				<rel num="2" id="Sense" card="atomic" sig="LexSense"/>
				<rel num="1" id="Constituents" card="col" sig="TxtWordformInContext"/>
			</props>
		</class>
		<class num="4" id="LexExampleSentence" abstract="false" abbr="exsn" base="CmObject" depth="0">
			<props>
				<basic num="1" id="Example" sig="MultiString"/>
				<rel num="2" id="SourceSegment" card="atomic" sig="TxtSegment"/>
				<owning num="3" id="Translations" card="col" sig="CmTranslation"/>
			</props>
		</class>
		<class num="6" id="LexicalRelationGroup" abstract="false" abbr="lrg" base="CmObject" depth="0">
			<props>
				<basic num="1" id="Name" sig="MultiString"/>
				<basic num="2" id="Abbreviation" sig="MultiString"/>
				<basic num="3" id="Comment" sig="MultiString"/>
				<basic num="4" id="AVariableAbbr" sig="MultiString"/>
				<basic num="5" id="AVariableName" sig="MultiString"/>
				<basic num="6" id="AbFunctionFrame" sig="MultiString"/>
				<basic num="7" id="BVariableAbbr" sig="MultiString"/>
				<basic num="8" id="BVariableName" sig="MultiString"/>
				<basic num="9" id="BaFunctionFrame" sig="MultiString"/>
				<basic num="11" id="SetType" sig="Integer" min="1" max="4"/>
				<owning num="10" id="Members" card="col" sig="LexSet"/>
			</props>
		</class>
		<class num="23" id="LexTreeItem" abstract="false" abbr="trei" base="CmObject" depth="0">
			<props>
				<owning num="1" id="Items" card="seq" sig="LexTreeItem"/>
				<owning num="2" id="Member" card="atomic" sig="LexSetItem"/>
			</props>
		</class>
		<class num="47" id="MoStemName" abstract="false" abbr="snam" base="CmObject" depth="0">
			<props>
				<basic num="1" id="Abbreviation" sig="MultiUnicode"/>
				<basic num="2" id="Description" sig="MultiString"/>
				<basic num="3" id="Name" sig="MultiUnicode"/>
				<rel num="7" id="DefaultStem" card="atomic" sig="MoStemName"/>
				<owning num="4" id="Regions" card="col" sig="FsFeatureStructure"/>
				<rel num="6" id="DefaultAffix" card="atomic" sig="MoInflectionalAffixMsi"/>
			</props>
		</class>
		<class num="3" id="LexRefEntryOrSense" abstract="false" abbr="eos" base="CmObject" depth="0">
			<props>
				<rel num="2" id="Sense" card="atomic" sig="LexSense"/>
				<rel num="1" id="Entry" card="atomic" sig="LexEntry"/>
			</props>
		</class>
		<class num="61" id="WfiInterpretation" abstract="false" abbr="intp" base="CmObject" depth="0">
			<props>
				<owning num="2" id="Meanings" card="col" sig="WfiGloss"/>
				<rel num="1" id="Senses" card="seq" sig="LexSense"/>
			</props>
		</class>
		<class num="48" id="MoStratum" abstract="false" abbr="stra" base="CmObject" depth="0">
			<props>
				<basic num="1" id="Abbreviation" sig="MultiUnicode"/>
				<basic num="2" id="Description" sig="MultiString"/>
				<basic num="3" id="Name" sig="MultiUnicode"/>
			</props>
		</class>
		<class num="60" id="WfiGloss" abstract="false" abbr="glos" base="CmObject" depth="0">
			<props>
				<basic num="1" id="Form" sig="MultiUnicode"/>
			</props>
		</class>
		<class num="46" id="LexAppendix" abstract="false" abbr="apdx" base="CmObject" depth="0">
			<props>
				<owning num="1" id="Contents" card="atomic" sig="StText"/>
			</props>
		</class>
		<class num="66" id="MoRuleMapping" abstract="true" abbr="rlmp" base="CmObject" depth="0">
			<props/>
		</class>
		<class num="56" id="TxtParagraph" abstract="false" abbr="para" base="CmObject" depth="0">
			<props>
				<owning num="1" id="Segments" card="seq" sig="TxtSegment"/>
			</props>
		</class>
		<class num="80" id="PhContextOrVar" abstract="true" abbr="conorvar" base="CmObject" depth="0">
			<props/>
		</class>
		<class num="16" id="LexSense" abstract="false" abbr="sens" base="CmObject" depth="0">
			<props>
				<basic num="5" id="Definition" sig="MultiString"/>
				<basic num="8" id="Gloss" sig="MultiUnicode"/>
				<basic num="11" id="ScientificName" sig="String"/>
				<rel num="9" id="ReversalEntries" card="col" sig="ReversalIndexEntry"/>
				<rel num="4" id="Appendixes" card="col" sig="LexAppendix"/>
				<rel num="13" id="ThesaurusItems" card="col" sig="CmPossibility"/>
				<rel num="12" id="SenseType" card="atomic" sig="CmPossibility"/>
				<rel num="1" id="MorphoSyntaxInfo" card="atomic" sig="MoMorphoSyntaxInfo"/>
				<rel num="2" id="AnthroCodes" card="col" sig="CmAnthroItem"/>
				<owning num="3" id="Senses" card="seq" sig="LexSense"/>
				<owning num="7" id="Examples" card="seq" sig="LexExampleSentence"/>
				<owning num="10" id="Pictures" card="seq" sig="LexPicture"/>
				<rel num="6" id="DomainTypes" card="col" sig="CmPossibility"/>
				<rel num="14" id="UsageTypes" card="col" sig="CmPossibility"/>
			</props>
		</class>
		<class num="64" id="WordformLookupItem" abstract="false" abbr="wli" base="CmObject" depth="0">
			<props>
				<basic num="1" id="Form" sig="String"/>
				<basic num="2" id="ThesaurusCentral" sig="Integer" min="0" max="32768"/>
				<basic num="4" id="AnthroCentral" sig="Integer" min="0" max="32768"/>
				<rel num="3" id="ThesaurusItems" card="col" sig="CmPossibility"/>
				<rel num="5" id="AnthroCodes" card="col" sig="CmAnthroItem"/>
			</props>
		</class>
		<class num="105" id="WfiWordSet" abstract="false" abbr="wwst" base="CmObject" depth="0">
			<props>
				<basic num="1" id="Name" sig="MultiUnicode"/>
				<basic num="2" id="Description" sig="MultiString"/>
				<rel num="4" id="Cases" card="col" sig="WfiWordform"/>
			</props>
		</class>
		<class num="41" id="MoMorphoSyntaxInfo" abstract="true" abbr="msi" base="CmObject" depth="0">
			<props>
				<rel num="1" id="Components" card="seq" sig="MoMorphoSyntaxInfo"/>
				<rel num="2" id="Stratum" card="atomic" sig="MoStratum"/>
			</props>
		</class>
		<class num="14" id="LexPronunciation" abstract="false" abbr="pron" base="CmObject" depth="0">
			<props>
				<basic num="1" id="Form" sig="MultiUnicode"/>
				<basic num="2" id="Sound" sig="Image"/>
			</props>
		</class>
		<class num="35" id="MoForm" abstract="true" abbr="form" base="CmObject" depth="0">
			<props>
				<basic num="1" id="Form" sig="MultiUnicode"/>
				<basic num="3" id="SecEnvConstraint" sig="String"/>
				<rel num="2" id="MorphType" card="atomic" sig="MoMorphType"/>
			</props>
		</class>
		<class num="97" id="PhEnvironment" abstract="false" abbr="phen" base="CmObject" depth="0">
			<props>
				<basic num="1" id="Name" sig="MultiUnicode"/>
				<basic num="2" id="Description" sig="MultiString"/>
				<rel num="5" id="RightContext" card="atomic" sig="PhPhonologicalContext"/>
				<rel num="4" id="LeftContext" card="atomic" sig="PhPhonologicalContext"/>
			</props>
		</class>
		<class num="18" id="LexSetItem" abstract="false" abbr="seti" base="CmObject" depth="0">
			<props>
				<basic num="1" id="Comment" sig="MultiString"/>
				<rel num="3" id="SimpleSet" card="atomic" sig="LexSimpleSet"/>
				<rel num="2" id="Sense" card="atomic" sig="LexSense"/>
			</props>
		</class>
		<class num="39" id="MoInflectionClass" abstract="false" abbr="infl" base="CmObject" depth="0">
			<props>
				<basic num="1" id="Abbreviation" sig="MultiUnicode"/>
				<basic num="2" id="Description" sig="MultiString"/>
				<basic num="3" id="Name" sig="MultiUnicode"/>
				<owning num="6" id="StemNames" card="col" sig="MoStemName"/>
				<owning num="4" id="Subclasses" card="col" sig="MoInflectionClass"/>
				<owning num="7" id="ReferenceForms" card="col" sig="FsFeatureStructure"/>
				<owning num="5" id="RulesOfReferral" card="seq" sig="MoReferralRule"/>
			</props>
		</class>
		<class num="33" id="MoEndocentricCompound" abstract="false" abbr="endc" base="MoCompoundRule" depth="1">
			<props>
				<basic num="1" id="HeadLast" sig="Boolean"/>
			</props>
		</class>
		<class num="70" id="MoModifyFromInput" abstract="false" abbr="modfrominpt" base="MoRuleMapping" depth="1">
			<props>
				<rel num="2" id="Modification" card="atomic" sig="PhNCFeatures"/>
				<rel num="1" id="Content" card="atomic" sig="PhContextOrVar"/>
			</props>
		</class>
		<class num="92" id="PhPhoneme" abstract="false" abbr="phme" base="PhTerminalUnit" depth="1">
			<props/>
		</class>
		<class num="103" id="MoCopyFromInput" abstract="false" abbr="cfin" base="MoRuleMapping" depth="1">
			<props>
				<rel num="1" id="Content" card="atomic" sig="PhContextOrVar"/>
			</props>
		</class>
		<class num="5" id="LexicalDatabase" abstract="false" abbr="ldb" base="CmMajorObject" depth="1">
			<props>
				<basic num="13" id="IsHeadwordCitationForm" sig="Boolean"/>
				<basic num="14" id="IsBodyInSeparateSubentry" sig="Boolean"/>
				<owning num="8" id="MorphTypes" card="atomic" sig="CmPossibilityList"/>
				<owning num="7" id="DomainTypes" card="atomic" sig="CmPossibilityList"/>
				<owning num="12" id="Introduction" card="atomic" sig="StText"/>
				<owning num="2" id="Appendixes" card="col" sig="LexAppendix"/>
				<owning num="5" id="SenseTypes" card="atomic" sig="CmPossibilityList"/>
				<owning num="4" id="AllomorphConditions" card="atomic" sig="CmPossibilityList"/>
				<owning num="3" id="LexicalRelations" card="col" sig="LexicalRelationGroup"/>
				<rel num="11" id="AllomorphIndex" card="col" sig="MoForm"/>
				<rel num="10" id="LexicalFormIndex" card="col" sig="LexEntry"/>
				<owning num="9" id="SubentryTypes" card="atomic" sig="CmPossibilityList"/>
				<owning num="6" id="UsageTypes" card="atomic" sig="CmPossibilityList"/>
				<owning num="1" id="Entries" card="col" sig="LexEntry"/>
			</props>
		</class>
		<class num="73" id="MoCompoundRuleApp" abstract="false" abbr="cmpdruleapp" base="MoDerivationTrace" depth="1">
			<props>
				<rel num="1" id="LeftForm" card="atomic" sig="MoStemAllomorph"/>
				<rel num="2" id="RightForm" card="atomic" sig="MoStemAllomorph"/>
				<rel num="3" id="Linker" card="atomic" sig="MoAffixAllomorph"/>
			</props>
		</class>
		<class num="54" id="Text" abstract="false" abbr="text" base="CmMajorObject" depth="1">
			<props>
				<basic num="2" id="Source" sig="MultiString"/>
				<basic num="3" id="SoundFilePath" sig="Unicode"/>
				<basic num="4" id="Analysis" sig="MultiString"/>
				<owning num="1" id="Title" card="atomic" sig="TxtSegment"/>
				<owning num="5" id="Paragraphs" card="seq" sig="TxtParagraph"/>
			</props>
		</class>
		<class num="52" id="ReversalIndex" abstract="false" abbr="revi" base="CmMajorObject" depth="1">
			<props>
				<basic num="2" id="Encoding" sig="Integer"/>
				<owning num="3" id="Entries" card="col" sig="ReversalIndexEntry"/>
				<owning num="1" id="PartsOfSpeech" card="atomic" sig="CmPossibilityList"/>
			</props>
		</class>
		<class num="28" id="MoAffixForm" abstract="true" abbr="afrm" base="MoForm" depth="1">
			<props>
				<rel num="1" id="InflectionClasses" card="col" sig="MoInflectionClass"/>
			</props>
		</class>
		<class num="19" id="LexSimpleSet" abstract="false" abbr="sset" base="LexSet" depth="1">
			<props>
				<owning num="1" id="Members" card="col" sig="LexSetItem"/>
			</props>
		</class>
		<class num="11" id="LexPairRelation" abstract="false" abbr="prel" base="LexSet" depth="1">
			<props>
				<basic num="1" id="AAbbr" sig="MultiString"/>
				<basic num="2" id="AName" sig="MultiString"/>
				<basic num="3" id="AbFrame" sig="MultiString"/>
				<basic num="4" id="BAbbr" sig="MultiString"/>
				<basic num="5" id="BName" sig="MultiString"/>
				<basic num="6" id="BaFrame" sig="MultiString"/>
				<owning num="7" id="Members" card="col" sig="LexPair"/>
				<rel num="8" id="PartOfSpeechB" card="atomic" sig="PartOfSpeech"/>
			</props>
		</class>
		<class num="88" id="PhVariable" abstract="false" abbr="var" base="PhContextOrVar" depth="1">
			<props/>
		</class>
		<class num="102" id="MoMorphemeAdhocCoProhibition" abstract="false" abbr="acp" base="MoAdhocCoProhibition" depth="1">
			<props>
				<rel num="1" id="Morphemes" card="seq" sig="MoMorphoSyntaxInfo"/>
			</props>
		</class>
		<class num="68" id="MoInsertPhones" abstract="false" abbr="insrtphns" base="MoRuleMapping" depth="1">
			<props>
				<owning num="1" id="Content" card="seq" sig="PhBdryMarker"/>
			</props>
		</class>
		<class num="49" id="PartOfSpeech" abstract="false" abbr="pos" base="CmPossibility" depth="1">
			<props>
				<owning num="10" id="ReferenceForms" card="col" sig="FsFeatureStructure"/>
				<rel num="9" id="InflectableFeatures" card="col" sig="FsFeatureDefn"/>
				<owning num="3" id="RulesOfReferral" card="seq" sig="MoReferralRule"/>
				<owning num="5" id="AffixTemplates" card="seq" sig="MoInflAffixTemplate"/>
				<owning num="1" id="InherentFeatureValues" card="atomic" sig="FsFeatureStructure"/>
				<rel num="12" id="DefaultInflectionClass" card="atomic" sig="MoInflectionClass"/>
				<owning num="11" id="DefaultFeatures" card="atomic" sig="FsFeatureStructure"/>
				<owning num="7" id="StemNames" card="col" sig="MoStemName"/>
				<rel num="8" id="BearableFeatures" card="col" sig="FsFeatureDefn"/>
				<owning num="2" id="EmptyParadigmCells" card="col" sig="FsFeatureStructure"/>
				<owning num="4" id="InflectionClasses" card="col" sig="MoInflectionClass"/>
				<owning num="6" id="AffixSlots" card="col" sig="MoInflAffixSlot"/>
			</props>
		</class>
		<class num="15" id="LexScale" abstract="false" abbr="scal" base="LexSet" depth="1">
			<props>
				<owning num="3" id="Positive" card="seq" sig="LexSetItem"/>
				<owning num="2" id="Neutral" card="atomic" sig="LexSetItem"/>
				<owning num="1" id="Negative" card="seq" sig="LexSetItem"/>
			</props>
		</class>
		<class num="9" id="LexMinorEntry" abstract="false" abbr="mne" base="LexEntry" depth="1">
			<props>
				<basic num="3" id="Comment" sig="MultiString"/>
				<rel num="2" id="Condition" card="atomic" sig="CmPossibility"/>
				<owning num="1" id="MainEntryOrSense" card="atomic" sig="LexRefEntryOrSense"/>
				<owning num="4" id="Features" card="atomic" sig="FsFeatureStructure"/>
			</props>
		</class>
		<class num="74" id="MoDerivationalAffixApp" abstract="false" abbr="drvtnlaffapp" base="MoDerivationTrace" depth="1">
			<props>
				<rel num="2" id="AffixMsi" card="atomic" sig="MoDerivationalAffixMsi"/>
				<owning num="3" id="OutputMsi" card="atomic" sig="MoDerivationalStepMsi"/>
				<rel num="1" id="AffixForm" card="atomic" sig="MoAffixAllomorph"/>
			</props>
		</class>
		<class num="45" id="MoStemAllomorph" abstract="false" abbr="salo" base="MoForm" depth="1">
			<props>
				<rel num="2" id="PhoneEnviron" card="col" sig="PhEnvironment"/>
				<rel num="3" id="StemName" card="atomic" sig="MoStemName"/>
			</props>
		</class>
		<class num="31" id="MoDerivationalAffixMsi" abstract="false" abbr="damsi" base="MoMorphoSyntaxInfo" depth="1">
			<props>
				<basic num="9" id="Defined" sig="Boolean"/>
				<rel num="3" id="FromPartOfSpeech" card="atomic" sig="PartOfSpeech"/>
				<owning num="7" id="FromExceptionFeatures" card="atomic" sig="FsFeatureStructure"/>
				<rel num="5" id="FromInflectionClass" card="atomic" sig="MoInflectionClass"/>
				<owning num="2" id="ToMsFeatures" card="atomic" sig="FsFeatureStructure"/>
				<owning num="1" id="FromMsFeatures" card="atomic" sig="FsFeatureStructure"/>
				<rel num="6" id="ToInflectionClass" card="atomic" sig="MoInflectionClass"/>
				<rel num="8" id="AffixCategory" card="atomic" sig="CmPossibility"/>
				<rel num="4" id="ToPartOfSpeech" card="atomic" sig="PartOfSpeech"/>
			</props>
		</class>
		<class num="8" id="LexMajorEntry" abstract="false" abbr="mje" base="LexEntry" depth="1">
			<props>
				<basic num="2" id="LiteralMeaning" sig="MultiString"/>
				<basic num="3" id="SummaryDefinition" sig="MultiString"/>
				<basic num="6" id="IsBodyWithHeadword" sig="Boolean"/>
				<rel num="5" id="SubentryType" card="atomic" sig="LexSubentryType"/>
				<owning num="1" id="Senses" card="seq" sig="LexSense"/>
				<owning num="4" id="MainEntriesOrSenses" card="seq" sig="LexRefEntryOrSense"/>
			</props>
		</class>
		<class num="76" id="MoInflTemplateApp" abstract="false" abbr="infltmpltapp" base="MoDerivationTrace" depth="1">
			<props>
				<owning num="2" id="SlotApps" card="seq" sig="MoInflAffixSlotApp"/>
				<rel num="1" id="Template" card="atomic" sig="MoInflTemplateApp"/>
			</props>
		</class>
		<class num="78" id="MoStratumApp" abstract="false" abbr="strapp" base="MoDerivationTrace" depth="1">
			<props>
				<owning num="5" id="PruleApps" card="seq" sig="MoPhonoRuleApp"/>
				<rel num="1" id="Stratum" card="seq" sig="MoStratum"/>
				<owning num="2" id="CompoundRuleApps" card="seq" sig="MoCompoundRuleApp"/>
				<owning num="4" id="TemplateApp" card="atomic" sig="MoInflTemplateApp"/>
				<owning num="3" id="DerivationalAffixApps" card="seq" sig="MoDerivationalAffixApp"/>
			</props>
		</class>
		<class num="32" id="MoDerivationalStepMsi" abstract="false" abbr="dsmsi" base="MoMorphoSyntaxInfo" depth="1">
			<props>
				<owning num="2" id="MsFeatures" card="atomic" sig="FsFeatureStructure"/>
				<owning num="3" id="InflectionFeatures" card="atomic" sig="FsFeatureStructure"/>
				<rel num="4" id="InflectionClass" card="atomic" sig="MoInflectionClass"/>
				<rel num="1" id="PartOfSpeech" card="atomic" sig="PartOfSpeech"/>
			</props>
		</class>
		<class num="1" id="MoStemMsi" abstract="false" abbr="smsi" base="MoMorphoSyntaxInfo" depth="1">
			<props>
				<rel num="2" id="PartOfSpeech" card="atomic" sig="PartOfSpeech"/>
				<owning num="4" id="ExceptionFeatures" card="atomic" sig="FsFeatureStructure"/>
				<owning num="1" id="MsFeatures" card="atomic" sig="FsFeatureStructure"/>
				<rel num="3" id="InflectionClass" card="atomic" sig="MoInflectionClass"/>
			</props>
		</class>
		<class num="95" id="PhNCSegments" abstract="false" abbr="ncssegmts" base="PhNaturalClass" depth="1">
			<props>
				<rel num="1" id="Segments" card="col" sig="PhPhoneme"/>
			</props>
		</class>
		<class num="42" id="MoMorphType" abstract="false" abbr="mot" base="CmPossibility" depth="1">
			<props>
				<basic num="1" id="Postfix" sig="String"/>
				<basic num="2" id="Prefix" sig="String"/>
				<basic num="3" id="SecondaryOrder" sig="Integer"/>
			</props>
		</class>
		<class num="77" id="MoPhonoRuleApp" abstract="false" abbr="phrulapp" base="MoDerivationTrace" depth="1">
			<props>
				<basic num="2" id="VacuousApp" sig="Boolean"/>
				<rel num="1" id="Rule" card="atomic" sig="CmObject"/>
			</props>
		</class>
		<class num="91" id="PhBdryMarker" abstract="false" abbr="bdrymrkr" base="PhTerminalUnit" depth="1">
			<props/>
		</class>
		<class num="69" id="MoInsertNC" abstract="false" abbr="insrtnc" base="MoRuleMapping" depth="1">
			<props>
				<rel num="1" id="Content" card="atomic" sig="PhNaturalClass"/>
			</props>
		</class>
		<class num="94" id="PhNCFeatures" abstract="false" abbr="ncfts" base="PhNaturalClass" depth="1">
			<props>
				<owning num="1" id="Features" card="atomic" sig="FsFeatureStructure"/>
			</props>
		</class>
		<class num="65" id="WordformLookupList" abstract="false" abbr="wll" base="CmMajorObject" depth="1">
			<props>
				<basic num="2" id="Encoding" sig="Integer"/>
				<owning num="1" id="Wordforms" card="col" sig="WordformLookupItem"/>
			</props>
		</class>
		<class num="75" id="MoInflAffixSlotApp" abstract="false" abbr="inflaffsltapp" base="MoDerivationTrace" depth="1">
			<props>
				<rel num="3" id="AffixMsi" card="atomic" sig="MoInflectionalAffixMsi"/>
				<rel num="2" id="AffixForm" card="atomic" sig="MoAffixForm"/>
				<rel num="1" id="Slot" card="atomic" sig="MoInflAffixSlot"/>
			</props>
		</class>
		<class num="81" id="PhPhonologicalContext" abstract="true" abbr="pctx" base="PhContextOrVar" depth="1">
			<props>
				<basic num="1" id="Name" sig="MultiUnicode"/>
				<owning num="2" id="Description" card="atomic" sig="StText"/>
			</props>
		</class>
		<class num="21" id="LexSubentryType" abstract="false" abbr="sbt" base="CmPossibility" depth="1">
			<props>
				<basic num="1" id="SecondaryOrder" sig="Integer"/>
			</props>
		</class>
		<class num="38" id="MoInflectionalAffixMsi" abstract="false" abbr="amsi" base="MoMorphoSyntaxInfo" depth="1">
			<props>
				<rel num="2" id="AffixCategory" card="atomic" sig="CmPossibility"/>
				<owning num="1" id="InflectionFeatures" card="col" sig="FsFeatureStructure"/>
			</props>
		</class>
		<class num="24" id="LexTreeRelation" abstract="false" abbr="tree" base="LexSet" depth="1">
			<props>
				<basic num="1" id="DownFrame" sig="MultiString"/>
				<basic num="3" id="LowerAbbr" sig="MultiString"/>
				<basic num="4" id="LowerName" sig="MultiString"/>
				<basic num="5" id="UpFrame" sig="MultiString"/>
				<basic num="6" id="UpperAbbr" sig="MultiString"/>
				<basic num="7" id="UpperName" sig="MultiString"/>
				<owning num="2" id="Items" card="seq" sig="LexTreeItem"/>
			</props>
		</class>
		<class num="63" id="WordformInventory" abstract="false" abbr="wfi" base="CmMajorObject" depth="1">
			<props>
				<owning num="1" id="Wordforms" card="col" sig="WfiWordform"/>
			</props>
		</class>
		<class num="101" id="MoAllomorphAdhocCoProhibition" abstract="false" abbr="acp" base="MoAdhocCoProhibition" depth="1">
			<props>
				<rel num="1" id="Allomorphs" card="col" sig="MoForm"/>
			</props>
		</class>
		<class num="34" id="MoExocentricCompound" abstract="false" abbr="exoc" base="MoCompoundRule" depth="1">
			<props>
				<rel num="2" id="ToPartOfSpeech" card="atomic" sig="PartOfSpeech"/>
				<owning num="1" id="ToFeatures" card="atomic" sig="FsFeatureStructure"/>
			</props>
		</class>
		<class num="84" id="PhSimpleContext" abstract="true" abbr="simcontxt" base="PhPhonologicalContext" depth="2">
			<props/>
		</class>
		<class num="82" id="PhIterationContext" abstract="false" abbr="itrtncontxt" base="PhPhonologicalContext" depth="2">
			<props>
				<basic num="1" id="Minimum" sig="Integer"/>
				<basic num="2" id="Maximum" sig="Integer"/>
				<rel num="3" id="Member" card="atomic" sig="PhPhonologicalContext"/>
			</props>
		</class>
		<class num="29" id="MoAffixProcess" abstract="false" abbr="proc" base="MoAffixForm" depth="2">
			<props>
				<owning num="3" id="Output" card="seq" sig="MoRuleMapping"/>
				<owning num="2" id="Input" card="seq" sig="PhContextOrVar"/>
			</props>
		</class>
		<class num="27" id="MoAffixAllomorph" abstract="false" abbr="aalo" base="MoAffixForm" depth="2">
			<props>
				<rel num="4" id="MsEnvPartOfSpeech" card="atomic" sig="PartOfSpeech"/>
				<rel num="2" id="PhoneEnviron" card="col" sig="PhEnvironment"/>
				<owning num="1" id="MsEnvFeatures" card="atomic" sig="FsFeatureStructure"/>
				<rel num="5" id="Position" card="seq" sig="PhEnvironment"/>
			</props>
		</class>
		<class num="83" id="PhSequenceContext" abstract="false" abbr="seqcontxt" base="PhPhonologicalContext" depth="2">
			<props>
				<rel num="1" id="Members" card="seq" sig="PhPhonologicalContext"/>
			</props>
		</class>
		<class num="86" id="PhSimpleContextNC" abstract="false" abbr="simcontxtnc" base="PhSimpleContext" depth="3">
			<props>
				<rel num="1" id="FeatureStructure" card="atomic" sig="PhNaturalClass"/>
				<rel num="2" id="PlusConstraints" card="seq" sig="PhFeatureConstraint"/>
				<rel num="3" id="MinusConstraints" card="seq" sig="PhFeatureConstraint"/>
			</props>
		</class>
		<class num="87" id="PhSimpleContextSeg" abstract="false" abbr="smplectxtseg" base="PhSimpleContext" depth="3">
			<props>
				<rel num="1" id="FeatureStructure" card="atomic" sig="PhPhoneme"/>
			</props>
		</class>
		<class num="85" id="PhSimpleContextBdry" abstract="false" abbr="smplectxtbdry" base="PhSimpleContext" depth="3">
			<props>
				<rel num="1" id="FeatureStructure" card="atomic" sig="PhBdryMarker"/>
			</props>
		</class>
	</CellarModule>
	<CellarModule id="LangProj" num="6" ver="1" verBack="1">
		<class num="1" id="LanguageProject" abstract="false" abbr="lgpr" base="CmProject" depth="1">
			<props>
				<basic num="1" id="EthnologueCode" sig="Unicode"/>
				<basic num="2" id="WorldRegion" sig="MultiUnicode"/>
				<basic num="3" id="MainCountry" sig="MultiUnicode"/>
				<basic num="4" id="FieldWorkLocation" sig="MultiUnicode"/>
				<rel num="41" id="VernacularEncodings" card="col" sig="LgWritingSystem"/>
				<owning num="12" id="AnthroList" card="atomic" sig="CmPossibilityList"/>
				<owning num="6" id="Texts" card="col" sig="Text"/>
				<rel num="9" id="Thesaurus" card="atomic" sig="CmPossibilityList"/>
				<owning num="32" id="Education" card="atomic" sig="CmPossibilityList"/>
				<owning num="37" id="Overlays" card="col" sig="CmOverlay"/>
				<owning num="35" id="PhonologicalData" card="atomic" sig="PhPhonologicalData"/>
				<owning num="22" id="MorphologicalData" card="atomic" sig="MoMorphologicalData"/>
				<owning num="23" id="Styles" card="col" sig="StStyle"/>
				<owning num="33" id="TimeOfDay" card="atomic" sig="CmPossibilityList"/>
				<rel num="19" id="CurrentAnalysisEncs" card="seq" sig="LgWritingSystem"/>
				<owning num="14" id="LexicalDatabase" card="atomic" sig="LexicalDatabase"/>
				<owning num="27" id="WeatherConditions" card="atomic" sig="CmPossibilityList"/>
				<owning num="25" id="ConfidenceLevels" card="atomic" sig="CmPossibilityList"/>
				<owning num="31" id="People" card="atomic" sig="CmPossibilityList"/>
				<owning num="24" id="Filters" card="col" sig="CmFilter"/>
				<rel num="11" id="WordformLookupLists" card="col" sig="WordformLookupList"/>
				<owning num="28" id="Roles" card="atomic" sig="CmPossibilityList"/>
				<owning num="13" id="WordformInventory" card="atomic" sig="WordformInventory"/>
				<owning num="40" id="TranslatedScripture" card="atomic" sig="Scripture"/>
				<owning num="15" id="ResearchNotebook" card="atomic" sig="RnResearchNotebook"/>
				<owning num="21" id="MsFeatureSystem" card="atomic" sig="FsFeatureSystem"/>
				<owning num="36" id="Positions" card="atomic" sig="CmPossibilityList"/>
				<owning num="29" id="AnalysisStatus" card="atomic" sig="CmPossibilityList"/>
				<rel num="20" id="CurrentPronunciationEncs" card="seq" sig="LgWritingSystem"/>
				<owning num="34" id="AffixCategories" card="atomic" sig="CmPossibilityList"/>
				<owning num="5" id="PartsOfSpeech" card="atomic" sig="CmPossibilityList"/>
				<owning num="26" id="Restrictions" card="atomic" sig="CmPossibilityList"/>
				<owning num="30" id="Locations" card="atomic" sig="CmPossibilityList"/>
				<owning num="38" id="AnalyzingAgents" card="col" sig="CmAnalyzingAgent"/>
				<owning num="7" id="TranslationTags" card="atomic" sig="CmPossibilityList"/>
				<rel num="10" id="ReversalIndexes" card="col" sig="ReversalIndex"/>
				<rel num="17" id="AnalysisEncodings" card="col" sig="LgWritingSystem"/>
				<rel num="18" id="CurrentVernacularEncs" card="seq" sig="LgWritingSystem"/>
			</props>
		</class>
	</CellarModule>
</EntireModel>
