<?xml version="1.0"?>
<include xmlns="http://fieldworks.sil.org/nant/fwnant.xsd">
	<post-build>
		<readregistry property="sqlPath" hive="LocalMachine" failonerror="false" key="Software\Microsoft\Microsoft SQL Server\SILFW\Setup\SQLPath"/>
		<if test="${not property::exists('sqlPath')}">
			<echo message="The SILFW named instance of Microsoft SQL Server is apparently not installed!?"/>
		</if>
		<if test="${property::exists('sqlPath')}">
			<copy todir="${sqlPath}\binn" failonerror="false" verbose="true">
				<fileset>
					<include name="${dir.buildOutput}\${project.output}"/>
					<include name="${fwroot}\Lib\icu*.dll"/>
					<include name="${fwroot}\Lib\${config}\icu*.dll"/>
				</fileset>
			</copy>
			<attrib readonly="false" failonerror="false">
				<fileset basedir="${sqlPath}\binn\">
					<include name="${project.output}"/>
					<include name="icu*.dll"/>
				</fileset>
			</attrib>
		</if>
	</post-build>
	<pre-clean>
		<echo message="In pre-clean"/>
		<readregistry property="sqlPath" hive="LocalMachine" failonerror="false" key="Software\Microsoft\Microsoft SQL Server\SILFW\Setup\SQLPath"/>
		<if test="${not property::exists('sqlPath')}">
			<echo message="The SILFW named instance of Microsoft SQL Server is apparently not installed!?"/>
		</if>
		<if test="${property::exists('sqlPath')}">
			<delete failonerror="false" verbose="true">
				<fileset basedir="${sqlPath}\binn\">
					<include name="${project.output}"/>
					<include name="icu*.dll"/>
				</fileset>
			</delete>
		</if>
	</pre-clean>
</include>
