<?xml version="1.0" encoding="UTF-8"?>
<ConchPlugin xmlns:xsi="http://www.w3.org/2001/XMLSchema-instance" xsi:noNamespaceSchemaLocation="conchPlugin.xsd">
	<interfaceKind>NET</interfaceKind>
	<fileName>TestPlugin1.dll</fileName>
	<displayName>
		<text lang="ENG">Test plugin 2</text>
	</displayName>
	<treeLocation>
		<text lang="ENG">Experimental</text>
		<text lang="ENG">Data\None</text>
		<text lang="ENG">Task\Programming</text>
		<text lang="ENG">All</text>
	</treeLocation>
	<componentName>SIL.WordWorks.Conch.TestPlugin2</componentName>
</ConchPlugin>
