<?xml version="1.0" encoding="UTF-8"?>
<view label="Browse" value="browse" icon="BrowseView">
  <control assemblyPath="xWorks.dll" class="SIL.FieldWorks.XWorks.RecordBrowseView">
    <parameters id="EntriesList" field="Entries" filterBar="true" selectColumn="true">
      <columns>
        <column label="Citation Form" width="20%">
          <para>
            <properties>
              <bold value="on"/>
            </properties>
            <stringalt class="LexEntry" field="CitationForm" ws="vernacular"/>
          </para>
        </column>
        <column label="CF length" width="10%">
          <int class="LexEntry" field="LengthOfCitationForm"/>
        </column>
        <column label="Sense" width="20%">
          <objseq class="LexEntry" field="Senses" frag="Sense"/>
        </column>
        <column label="Underlying Form" width="25%">
          <virtual class="LexEntry" field="obj.UnderlyingFormShortName"/>
        </column>
        <column label="Allomorphs" width="25%">
          <objseq class="LexEntry" field="Allomorphs" frag="MoForm"/>
        </column>
      </columns>
      <fragments>
        <frag root="false" name="MoForm">
          <para>
            <properties>
              <forecolor value="blue"/>
            </properties>
            <stringalt class="MoForm" field="Form" ws="vernacular"/>
          </para>
        </frag>
        <frag root="false" name="Sense">
          <para>
            <properties>
              <forecolor value="green"/>
            </properties>
            <obj class="LexSense" field="MorphoSyntaxAnalysis" frag="msa"/>
            <lit>&#32;</lit>
            <stringalt class="LexSense" field="Gloss" ws="analysis"/>
          </para>
        </frag>
        <frag name="msa">
          <choice>
            <where is="MoStemMsa">
              <obj class="MoStemMsa" field="PartOfSpeech" frag="pos"/>
            </where>
            <where is="MoInflectionalAffixMsa">
              <obj class="MoInflectionalAffixMsa" field="AffixCategory" frag="affixCat"/>
            </where>
            <where is="MoDerivationalAffixMsa">
              <choice>
                <where class="MoDerivationalAffixMsa" field="FromPartOfSpeech" lengthatmost="0">
                  <choice>
                    <where class="MoDerivationalAffixMsa" field="ToPartOfSpeech" lengthatmost="0">
                      <lit>Unmarked affix</lit>
                    </where>
                    <otherwise>
                      <lit>???</lit>
                      <lit> &gt; </lit>
                      <obj class="MoDerivationalAffixMsa" field="ToPartOfSpeech" frag="pos"/>
                    </otherwise>
                  </choice>
                </where>
                <otherwise>
                  <obj class="MoDerivationalAffixMsa" field="FromPartOfSpeech" frag="pos"/>
                  <lit> &gt; </lit>
                  <choice>
                    <where class="MoDerivationalAffixMsa" field="ToPartOfSpeech" lengthatmost="0">
                      <lit>???.</lit>
                    </where>
                    <otherwise>
                      <obj class="MoDerivationalAffixMsa" field="ToPartOfSpeech" frag="pos"/>
                    </otherwise>
                  </choice>
                </otherwise>
              </choice>
            </where>
          </choice>
        </frag>
        <frag name="affixCat">
          <span>
            <properties>
              <italic value="on"/>
              <bold value="on"/>
            </properties>
            <lit>infl.</lit>
          </span>
        </frag>
        <frag name="pos">
          <span>
            <properties>
              <italic value="on"/>
              <bold value="on"/>
              <forecolor value="red"/>
            </properties>
            <stringalt class="PartOfSpeech" field="Abbreviation" ws="analysis"/>
            <lit>.</lit>
          </span>
        </frag>
      </fragments>
      <virtuals>
        <virtual modelclass="LexEntry" virtualfield="LengthOfCitationForm" assemblyPath="FDO.dll" class="SIL.FieldWorks.FDO.StringPropLengthVh" stringfield="CitationForm" ws="vernacular"/>
      </virtuals>
    </parameters>
  </control>
</view>
<!--
        <column label="HomoNo" width="10%">
          <int class="LexEntry" field="HomographNumber"/>
        </column>
        -->
