<?xml version="1.0" encoding="utf-8"?>
<strings>
<!-- for now, just put all of them in this file. Since we may switch to a non XML format,
	I'm hesitant to do the coding necessary to support including at the moment.
	and in the near-term, we plan to ship one application ("LexText").
	<includeBase path="../WW Common/put something here"/>
	-->
<!--
	attributes of an item element:
	    id                 required; the identifier; should be the same as an id or attr attribute of an XDE node or command
	    caption       optional;  the caption to display in the balloon help; the default is to use the XDE node's label attribute
	    beforecaption optional; text to appear before the caption; useful for buttons (e.g. "Choose " X)
	    aftercaption    optional; text to appear after the caption; useful for buttons (e.g. "X Choose", when the language of the interface isSOV)
	    -->
  <item id="NoHelp" caption="No Help">Sorry, there's no help available for this item.</item>
  <item id="MissingHelpId" caption="No Help">Sorry, there's no help available for this item (missing id).</item>
<!-- 
  LexEd commands 
  -->
<!--          File menu -->
  <item id="CmdNewLanguageProject">Create a new language project.</item>
  <item id="CmdChooseLanguageProject">Open an existing language project.</item>
  <item id="CmdSave">Permanently save all changes made to the lexicon.</item>
  <item id="CmdPageSetup">Determine page layout options for printing.</item>
  <item id="CmdPrint">Print.</item>
  <item id="CmdImport">Import an existing lexicon.</item>
  <item id="CmdExport">Export this lexicon to a file.</item>
  <item id="CmdBackup">Backup or restore a language project.</item>
<!-- What is this?                <item id="CmdMainObjectProperties"/> -->
  <item id="CmdProjectProperties">Edit the special properties of this language project (such as name and writing systems).</item>
  <item id="CmdExit">Exit the lexical editor application.</item>
<!--          Edit menu -->
  <item id="CmdUndo">Undo previous actions.</item>
  <item id="CmdRedo">Redo previous actions.</item>
  <item id="CmdCut">Cut</item>
  <item id="CmdCopy">Copy</item>
  <item id="CmdPaste">Paste</item>
  <item id="CmdFind">Find something.</item>
  <item id="CmdDeleteRecord">Remove this lexical entry from the lexicon.</item>
<!--         View menu -->
  <item id="CmdRefresh">Guarantee that the data displayed is what has been stored.</item>
<!-- not suer how to hook these up -->
  <item id="BasicEditView">Shows only the basic set of fields.</item>
<!--      <menu id="ViewChoices" list="ListViews" behavior="singlePropertyAtomicValue" property="currentContentControl" b4InsertMenu="true" inline="true"/>
      <menu id="FilterChoices" label="Filters">
      <menu id="SortChoices" label="Sort Methods">
      -->
  <item id="Sidebar">Show the sidebar.</item>
  <item id="Record List">Show the list of records.</item>
<!--         Tools menu -->
  <item id="Entries">Show the entries and edit them.</item>
  <item id="Problems">See a list of entries with problems.</item>
<!--         Insert menu -->
  <item id="CmdInsertMajorEntry">Create a new major entry and add it to the lexicon.</item>
  <item id="CmdInsertMinorEntry">Create a new minor entry and add it to the lexicon.</item>
  <item id="CmdInsertSubentry">Create a new subentry and add it to the lexicon.</item>
<!--         Data menu -->
  <item id="CmdFirstRecord">Show the first lexical entry.</item>
  <item id="CmdPreviousRecord">Show the previous lexical entry.</item>
  <item id="CmdNextRecord">Show the next lexical entry.</item>
  <item id="CmdLastRecord">Show the last lexical entry.</item>
  <item id="CmdGoToEntry">Go to a lexical entry.</item>
<!--         Window menu -->
  <item id="CmdNewWindow">Launch a new window of this editor.</item>
<!--
   slices
    -->
  <item id="CitationForm">The form which introduces an entry in a printed dictionary. It is the form by which a dictionary is sorted.</item>
<!-- above is actually definition for a headword from LL library.  A citation form is more like: "For bound lexemes, it is usually a predetermined inflected or affixed form (e.g. the 3rd person singular form of a verb). " -->
<!-- Form -->
  <item id="FormGroup">Information about the form(s) of the entry.</item>
  <item id="UnderlyingForm">The base or underlying form of the lexical entry.</item>
  <item id="AllomorphsGroup">This shows all of the allomorphs of this entry.</item>
  <item id="AffixForm">An allomorph of the affix.</item>
  <item id="StemAllomorph">An allomorph of the stem or root.</item>
  <item id="PhoneEnv">The environments in which this allomorph occurs.</item>
  <item id="PhoneEnvButton" beforecaption="Choose ">Click here to select from phonetic environments you have used in the past.</item>
  <item id="MorphType">The type of morpheme this is: root, prefix, suffix, etc.</item>
  <item id="MorphTypeButton" beforecaption="Choose ">Click here to select from a list of morpheme types.</item>
  <item id="MoAffixAllomorphInflectionClasses">The inflection classes that this allomorph belongs to.</item>
  <item id="MoAffixAllomorphInflectionClassesButton" beforecaption="Choose ">Click here to select from a list of inflection classes.</item>
  <item id="LexMajorEntryFunction">Groups the possible functions of the lexical entry.</item>
<!-- Function -->
  <item id="LexMajorEntryFunction">Information about the function(s) of the entry (how it can be used).</item>
<!--           Stem -->
  <item id="MoStemMsa">Information about this entry when it functions as a stem or root.</item>
  <item id="PartOfSpeech">The category of this stem or root.</item>
  <item id="PartOfSpeechButton" beforecaption="Choose ">Click here to select the category of this stem or root.</item>
  <item id="MoStemMsaInflectionClass">The inflection (conjugation or declension) class of this stem or root.  Leave it blank if the inflection class does not matter for this stem or root.</item>
  <item id="MoStemMsaInflectionClassButton" beforecaption="Choose ">Click here to select the inflection (conjugation or declension) class of this stem or root.</item>
<!--           Derivational affix -->
  <item id="MoDerivationalAffixMsa">Information about this affix when it functions as a derivational affix.</item>
  <item id="FromPartOfSpeech">The category of the stem to which this affix attaches.</item>
  <item id="FromPartOfSpeechButton" beforecaption="Choose ">Click here to select the category of the stem to which this affix attaches.</item>
  <item id="MoDerivationalAffixMsaFromInflectionClass">The inflection (conjugation or declension) class which the stem to which this affix attaches must belong.  Leave it blank if the inflection class does not matter for this affix.</item>
  <item id="MoDerivationalAffixMsaFromInflectionClassButton" beforecaption="Choose ">Click here to select the inflection (conjugation or declension) class which the stem to which this affix attaches must belong.</item>
  <item id="ToPartOfSpeech">The category of the stem resulting from the attachment of this affix.</item>
  <item id="ToPartOfSpeechButton" beforecaption="Choose ">Click here to select the category of the stem resulting from the attachment of this affix.</item>
  <item id="MoDerivationalAffixMsaToInflectionClass">The inflection (conjugation or declension) class of the stem resulting from the attachment of this affix.  Leave it blank if the inflection class does not matter for this affix.</item>
  <item id="MoDerivationalAffixMsaToInflectionClassButton" beforecaption="Choose ">Click here to select the inflection (conjugation or declension) class of the stem which results after this affix attaches.</item>
<!--           Inflectional affix -->
  <item id="MoInflectionalAffixMsa">Information about this affix when it functions as an inflectional affix.</item>
  <item id="AffixCategory">This is the label or "category" this affix had when the lexical item was imported from some other lexicon (such as ShoeBox or ToolBox or LinguaLinks).</item>
  <item id="PartOfSpeechOrSlot">An inflectional affix slot to which this affix belongs.  It can also refer to a category, if you do not yet know what slot the affix belongs in.</item>
  <item id="PartOfSpeechOrSlotButton" beforecaption="Choose ">Click here to set the template slot (or category, if you don't know which slot yet).</item>
<!-- Meaning -->
  <item id="MeaningGroup">Information about the meaning(s) of the entry.</item>
  <item id="LexSenseId">One sense of this lexical entry.</item>
  <item id="Gloss">The gloss for this sense to use in interlinearization.</item>
  <item id="Definition">The definition for this sense.</item>
  <item id="MorphoSyntaxAnalysis">The way this sense functions.</item>
  <item id="MorphoSyntaxAnalysisButton" beforecaption="Choose ">Click here to select the way this sense functions.</item>
  <item id="ExamplesGroup">Vernacular example sentences for this entry.</item>
  <item id="Example">A vernacular example sentence for this entry.</item>
  <item id="TranslationsGroup">Translations of the vernacular example sentence.</item>
  <item id="Translation">A translation of the vernacular example sentence.</item>
  <item id="SubSensesGroup">Other senses which are related to this sense of the entry.</item>
<!-- Minor Entry -->
  <item id="LexMinorEntryFunction">Information about the function(s) of the entry (how it can be used).</item>
  <item id="MainEntryOrSense">The lexical entry for which this is a minor entry.</item>
  <item id="MainEntryOrSenseButton" beforecaption="Choose ">Click here to select the lexical entry for which this is a minor entry.</item>
  <item id="Condition">The kind of minor entry this is.</item>
  <item id="ConditionButton" beforecaption="Choose ">Click here to select the kind of minor entry this is.</item>
<!-- Subentry -->
  <item id="LexSubentryFunction">Information about the function(s) of the entry (how it can be used).</item>
  <item id="LexEntries">The major entries that this subentry is made from.</item>
  <item id="SubentryType">The kind of subentry this is.</item>
  <item id="SubentryTypeButton" beforecaption="Choose ">Click here to select the kind of subentry this is.</item>
  <item id="Entry">A main entry which this subentry relates to.</item>
  <item id="EntryButton" beforecaption="Choose ">Click here to select a main entry to which this subentry relates.</item>
<!-- Dates -->
  <item id="DateCreated">This is the date on which this lexical entry was first created.</item>
  <item id="DateModified">This is the date on which this lexical entry was last modified.</item>
</strings>
