<?xml version="1.0" encoding="UTF-8"?>
<window>
<!-- includes inside of includes are not supported yet 	<includeBase path="../WW Common/WWBaseDataTreeInclude.xml"/> -->
<!-- 
  ===========================================================
  Commands
  ===========================================================
  -->
  <commands>
<!-- 	<include query="window/commands/*"/>-->
<!--
    No-op - no operation makes sense here
    -->
    <command id="CmdDataTree-Help" label="Help..." icon="Help"/>
<!--
       Underlying form
        -->
    <command id="CmdDataTree-Create-UnderlyingForm-StemAllomorph" label="Create Stem Form" message="DataTreeInsert" icon="Circle">
      <parameters field="UnderlyingForm" className="MoStemAllomorph"/>
    </command>
    <command id="CmdDataTree-Create-UnderlyingForm-AffixAllomorph" label="Create Affix Form" message="DataTreeInsert" icon="TwoHalfs">
      <parameters field="UnderlyingForm" className="MoAffixAllomorph"/>
    </command>
<!--
      Allomorphs
       -->
    <command id="CmdDataTree-Insert-StemAllomorph" label="Insert Stem Allomorph" message="DataTreeInsert" icon="Circle">
      <parameters field="Allomorphs" className="MoStemAllomorph"/>
    </command>
    <command id="CmdDataTree-Insert-AffixAllomorph" label="Insert Affix Allomorph" message="DataTreeInsert" icon="TwoHalfs">
      <parameters field="Allomorphs" className="MoAffixAllomorph"/>
    </command>
<!-- 
    MSAs
     -->
    <command id="CmdDataTree-Insert-StemMsa" label="Insert Stem Analysis" message="DataTreeInsert" icon="Circle">
      <parameters field="MorphoSyntaxAnalyses" className="MoStemMsa"/>
    </command>
    <command id="CmdDataTree-Insert-InflectionAffixMsa" label="Insert Inflectional Affix Analysis" message="DataTreeInsert" icon="TwoHalfs">
      <parameters field="MorphoSyntaxAnalyses" className="MoInflectionalAffixMsa"/>
    </command>
    <command id="CmdDataTree-Insert-DerivationAffixMsa" label="Insert Derivational Affix Analysis" message="DataTreeInsert" icon="TwoHalfs">
      <parameters field="MorphoSyntaxAnalyses" className="MoDerivationalAffixMsa"/>
    </command>
<!--
    Senses
    -->
    <command id="CmdDataTree-Insert-Sense" label="Insert Sense" message="DataTreeInsert" icon="TwoHalfs">
      <parameters field="Senses" className="LexSense"/>
    </command>
<!--
    Examples
    -->
    <command id="CmdDataTree-Insert-Example" label="Insert Example" message="DataTreeInsert" icon="TwoHalfs">
      <parameters field="Examples" className="LexExampleSentence"/>
    </command>
<!--
    Translations
    -->
    <command id="CmdDataTree-Insert-Translation" label="Insert Translation" message="DataTreeInsert" icon="TwoHalfs">
      <parameters field="Translations" className="CmTranslation"/>
    </command>
    <command id="CmdDataTree-Delete-Translation" label="Delete" message="DataTreeDelete" icon="Delete">
      <parameters field="Translations" className="CmTranslation"/>
    </command>
<!--
    Subentry Link
    -->
    <command id="CmdDataTree-Insert-SubEntryLink" label="Insert Link" message="DataTreeInsert" icon="TwoHalfs">
      <parameters field="MainEntriesOrSenses" className="LexRefEntryOrSense"/>
    </command>
  </commands>
<!-- 
  ===========================================================
  Context Menus
  ===========================================================
  -->
  <contextMenus>
<!-- 	<include query="window/contextMenus/*"/>-->
    <menu id="mnuDataTree-Help">
      <item command="CmdDataTree-Help"/>
    </menu>
    <menu id="mnuDataTree-UnderlyingForm">
      <item command="CmdDataTree-Create-UnderlyingForm-StemAllomorph"/>
      <item command="CmdDataTree-Create-UnderlyingForm-AffixAllomorph"/>
      <item command="CmdDataTree-Help"/>
    </menu>
    <menu id="mnuDataTree-Allomorphs">
      <item command="CmdDataTree-Insert-StemAllomorph"/>
      <item command="CmdDataTree-Insert-AffixAllomorph"/>
      <item command="CmdDataTree-Help"/>
    </menu>
    <menu id="mnuDataTree-MSAs">
      <item command="CmdDataTree-Insert-DerivationAffixMsa"/>
      <item command="CmdDataTree-Insert-InflectionAffixMsa"/>
      <item command="CmdDataTree-Insert-StemMsa"/>
      <item command="CmdDataTree-Help"/>
    </menu>
    <menu id="mnuDataTree-Senses">
      <item command="CmdDataTree-Insert-Sense"/>
      <item command="CmdDataTree-Help"/>
    </menu>
    <menu id="mnuDataTree-Examples">
      <item command="CmdDataTree-Insert-Example"/>
      <item command="CmdDataTree-Help"/>
    </menu>
    <menu id="mnuDataTree-Translations">
      <item command="CmdDataTree-Insert-Translation"/>
      <item command="CmdDataTree-Help"/>
    </menu>
    <menu id="mnuDataTree-Translation">
      <item command="CmdDataTree-Delete-Translation"/>
      <item command="CmdDataTree-Help"/>
    </menu>
    <menu id="mnuDataTree-SubEntryLink">
      <item command="CmdDataTree-Insert-SubEntryLink"/>
      <item command="CmdDataTree-Help"/>
    </menu>
    <menu id="mnuDataTree-Subsenses">
      <item command="CmdDataTree-Insert-Sense"/>
      <item command="CmdDataTree-Help"/>
    </menu>
  </contextMenus>
</window>
