<?xml version="1.0" encoding="UTF-8"?>
<view label="Document" value="doc" icon="DocumentView">
  <control assemblyPath="xWorks.dll" class="SIL.FieldWorks.XWorks.XmlDocView">
    <parameters filterPath="LexEd\basicFilter.xml" persistContext="Doc">
      <frag root="true" name="entry">
<!--
LexEntry
 1*	HomographNumber			integer 
 2*	IsIncludedAsHeadword	boolean 
 3*	CitationForm			multiUnicode 
 4	OrthographicVariants	multiUnicode 
 5	DateCreated				time 
 6	DateModified			time 
 7	Pronunciations			col owning			LexPronunciation 
 8*	Allomorphs				seq owning			MoForm 
 9	MorphoSyntaxAnalyses	col owning			MoMorphoSyntaxAnalysis 
10*	UnderlyingForm			atomic owning		MoForm 
11*	Senses					seq owning			LexSense 

LexMajorEntry : LexEntry
 3	SummaryDefinition		multiString 

LexSubEntry : LexMajorEntry
 1	MainEntriesOrSenses		seq owning			LexRefEntryOrSense 
 2	SubentryType			atomic reference	LexSubentryType 
 3	LiteralMeaning			multiString 
 4	IsBodyWithHeadword		boolean 

LexMinorEntry : LexEntry
 3	Comment					multiString 
 1	MainEntryOrSense		atomic owning		LexRefEntryOrSense 
 2	Condition				atomic reference	CmPossibility 
 4	Features				atomic owning		FsFeatureStructure 
-->
        <if field="IsIncludedAsHeadword" boolequals="0">
<!-- should be 1, but all test data = 0 -->
          <para>
            <properties>
              <leadingindent value="36000"/>
              <firstindent value="-36000"/>
            </properties>
            <span>
              <properties>
                <bold value="on"/>
              </properties>
<!--              <stringalt class="LexEntry" field="CitationForm" ws="vernacular"/> -->
<virtual class="LexEntry" field="obj.CitationFormWithAffixType"/>
            </span>
            <ifnot field="HomographNumber" intequals="0">
              <span>
                <properties>
                  <superscript value="sub"/>
                </properties>
                <int class="LexEntry" field="HomographNumber"/>
              </span>
            </ifnot>
            <lit>&#32;&#32;</lit>
<!-- <obj class="LexEntry" field="UnderlyingForm" frag="underformContents"/> -->
            <if field="Allomorphs" lengthatleast="2">
              <lit>(Allomorphs: </lit>
              <objseq class="LexEntry" field="Allomorphs" frag="alloformContents"/>
              <lit>) </lit>
            </if>
            <if field="Allomorphs" lengthatleast="1" lengthatmost="1">
              <lit>(Allomorph: </lit>
              <objseq class="LexEntry" field="Allomorphs" frag="alloformContents"/>
              <lit>) </lit>
            </if>
            <objseq class="LexEntry" field="Senses" frag="showLexSenses"/>
          </para>
        </if>
      </frag>
<!--
MoMorphoSyntaxAnalysis
 1	Components				seq reference		MoMorphoSyntaxAnalysis 
 2	GlossString				unicode 
 3	GlossBundle				seq reference		MoGlossItem 
-->
<!--
MoStemMsa
 1	MsFeatures				atomic owning		FsFeatureStructure 
 2	PartOfSpeech			atomic reference	PartOfSpeech 
 3	InflectionClass			atomic reference	MoInflectionClass 
 4	ExceptionFeatures		atomic owning		FsFeatureStructure 
 5	Stratum					atomic reference	MoStratum 
-->
<!--
MoInflectionalAffixMsa
 1	InflectionFeatures		col owning			FsFeatureStructure 
 2	AffixCategory			atomic reference	CmPossibility 
 3	FromExceptionFeatures	atomic owning		FsFeatureStructure 
-->
<!--
MoDerivationalStepMsa
 1	PartOfSpeech			atomic reference	PartOfSpeech 
 2	MsFeatures				atomic owning		FsFeatureStructure 
 3	InflectionFeatures		atomic owning		FsFeatureStructure 
 4	InflectionClass			atomic reference	MoInflectionClass 
 5	ExceptionFeatures		atomic reference	FsFeatureStructure 
-->
<!--
MoDerivationalAffixMsa
 1	FromMsFeatures			atomic owning		FsFeatureStructure 
 2	ToMsFeatures			atomic owning		FsFeatureStructure 
 3	FromPartOfSpeech		atomic reference	PartOfSpeech 
 4	ToPartOfSpeech			atomic reference	PartOfSpeech 
 5	FromInflectionClass		atomic reference	MoInflectionClass 
 6	ToInflectionClass		atomic reference	MoInflectionClass 
 7	FromExceptionFeatures	atomic owning		FsFeatureStructure 
 8	AffixCategory			atomic reference	CmPossibility 
10	FromStemName			atomic reference	MoStemName 
11	ToExceptionFeatures		atomic owning		FsFeatureStructure 
12	Stratum					atomic reference	MoStratum 
-->
      <frag name="showMoMorphoSyntaxAnalysis">
        <span>
          <properties>
            <italic value="on"/>
          </properties>
          <choice>
            <where is="MoStemMsa">
              <if field="PartOfSpeech" lengthatleast="1">
                <obj class="MoStemMsa" field="PartOfSpeech" frag="showPartOfSpeech"/>
              </if>
              <ifnot field="PartOfSpeech" lengthatleast="1">
<!-- <lit>MISSING POS</lit> -->
              </ifnot>
            </where>
            <where is="MoInflectionalAffixMsa">
              <if field="AffixCategory" lengthatleast="1">
                <obj class="MoInflectionalAffixMsa" field="AffixCategory" frag="showAffixCategory"/>
              </if>
              <ifnot field="AffixCategory" lengthatleast="1">
<!-- <lit>MISSING AFXCAT</lit> -->
              </ifnot>
            </where>
            <where is="MoDerivationalStepMsa">
              <lit>[DerivationalStep] </lit>
              <if field="PartOfSpeech" lengthatleast="1">
                <obj class="MoDerivationalStepMsa" field="PartOfSpeech" frag="showPartOfSpeech"/>
              </if>
              <ifnot field="PartOfSpeech" lengthatleast="1">
<!-- <lit>MISSING POS</lit> -->
              </ifnot>
            </where>
            <where is="MoDerivationalAffixMsa">
              <if field="FromPartOfSpeech" lengthatleast="1">
                <obj class="MoDerivationalAffixMsa" field="FromPartOfSpeech" frag="showFromPartOfSpeech"/>
              </if>
              <ifnot field="FromPartOfSpeech" lengthatleast="1">
<!-- <lit>MISSING_FROM_POS/</lit> -->
              </ifnot>
              <if field="ToPartOfSpeech" lengthatleast="1">
                <obj class="MoDerivationalAffixMsa" field="ToPartOfSpeech" frag="showPartOfSpeech"/>
              </if>
              <ifnot field="ToPartOfSpeech" lengthatleast="1">
<!-- <lit>MISSING_TO_POS</lit> -->
              </ifnot>
            </where>
            <otherwise>
<!-- This should never happen! -->
              <lit>????</lit>
            </otherwise>
          </choice>
          <lit>  </lit>
        </span>
      </frag>
<!--
PartOfSpeech  : CmPossibility 

 1	InherentFeatureValues	atomic owning		FsFeatureStructure 
 2	EmptyParadigmCells		col owning			FsFeatureStructure 
 3	RulesOfReferral			seq owning			MoReferralRule 
 4	InflectionClasses		col owning			MoInflectionClass 
 5	AffixTemplates			seq owning			MoInflAffixTemplate 
 6	AffixSlots				col owning			MoInflAffixSlot 
 7	StemNames				col owning			MoStemName 
 8	BearableFeatures		col reference		FsFeatureDefn 
 9	InflectableFeatures		col reference		FsFeatureDefn 
10	ReferenceForms			col owning			FsFeatureStructure 
11	DefaultFeatures			atomic owning		FsFeatureStructure 
12	DefaultInflectionClass	atomic reference	MoInflectionClass 
-->
      <frag name="showPartOfSpeech">
        <ifnot field="Abbreviation" stringaltequals="" ws="analysis">
          <stringalt class="CmPossibility" field="Abbreviation" ws="analysis"/>
          <lit>.</lit>
        </ifnot>
      </frag>
      <frag name="showFromPartOfSpeech">
        <ifnot field="Abbreviation" stringaltequals="" ws="analysis">
          <stringalt class="CmPossibility" field="Abbreviation" ws="analysis"/>
          <lit> > </lit>
        </ifnot>
      </frag>
      <frag name="showAffixCategory">
        <ifnot field="Abbreviation" stringaltequals="" ws="analysis">
          <lit>infl: </lit>
          <stringalt class="CmPossibility" field="Abbreviation" ws="analysis"/>
          <lit>.</lit>
        </ifnot>
        <if field="Abbreviation" stringaltequals="" ws="analysis">
          <ifnot field="Name" stringaltequals="" ws="analysis">
            <lit>infl: </lit>
            <stringalt class="CmPossibility" field="Name" ws="analysis"/>
            <lit>.</lit>
          </ifnot>
          <if field="Name" stringaltequals="" ws="analysis">
            <lit>infl: ????</lit>
          </if>
        </if>
      </frag>
      <frag name="underformContents">
        <lit>Underlying Form: </lit>
        <obj class="MoForm" field="MorphType" frag="morphTypePrefix"/>
        <stringalt class="MoForm" field="Form" ws="vernacular"/>
        <obj class="MoForm" field="MorphType" frag="morphTypePostfix"/>
        <lit>.  </lit>
      </frag>
      <frag name="alloformContents" sep=", ">
        <obj class="MoForm" field="MorphType" frag="morphTypePrefix"/>
        <stringalt class="MoForm" field="Form" ws="vernacular"/>
        <obj class="MoForm" field="MorphType" frag="morphTypePostfix"/>
      </frag>
      <frag name="morphType">
        <stringalt class="MoMorphType" field="Name" ws="analysis"/>
      </frag>
      <frag name="morphTypePrefix">
        <unicode class="MoMorphType" field="Prefix"/>
      </frag>
      <frag name="morphTypePostfix">
        <unicode class="MoMorphType" field="Postfix"/>
      </frag>
<!--
LexSense
 1	MorphoSyntaxAnalysis	atomic reference	MoMorphoSyntaxAnalysis 
 2	AnthroCodes				col reference		CmAnthroItem 
 3*	Senses					seq owning			LexSense 
 4	Appendixes				col reference		LexAppendix 
 5*	Definition				multiString 
 6	DomainTypes				col reference		CmPossibility 
 7*	Examples				seq owning			LexExampleSentence 
 8*	Gloss					multiUnicode 
 9	ReversalEntries			col reference		ReversalIndexEntry 
10	Pictures				seq owning			LexPicture 
11*	ScientificName			string 
12*	SenseType				atomic reference	CmPossibility 
13	ThesaurusItems			col reference		CmPossibility 
14	UsageTypes				col reference		CmPossibility 

-->
      <frag name="showLexSenses" sep="  " number="%A) " numsingle="no" numfont="Lucida Calligraphy" numstyle="bold italic">
        <obj class="LexSense" field="MorphoSyntaxAnalysis" frag="showMoMorphoSyntaxAnalysis"/>
        <obj class="LexSense" field="SenseType" frag="showSenseType"/>
        <ifnot field="Definition" stringaltequals="" ws="analysis">
          <stringalt class="LexSense" field="Definition" ws="analysis"/>
          <lit>. </lit>
        </ifnot>
        <if field="Definition" stringaltequals="" ws="analysis">
          <ifnot field="Gloss" stringaltequals="" ws="analysis">
            <stringalt class="LexSense" field="Gloss" ws="analysis"/>
            <lit>. </lit>
          </ifnot>
        </if>
        <ifnot field="ScientificName" stringequals="">
          <lit> Scientific Name: </lit>
          <string class="LexSense" field="ScientificName"/>
          <lit>. </lit>
        </ifnot>
        <objseq class="LexSense" field="Examples" frag="showLexSenseExamples"/>
        <lit>&#32;</lit>
        <objseq class="LexSense" field="Senses" frag="showLexSubSenses"/>
      </frag>
      <frag name="showLexSubSenses" sep="  " number="%O) " numsingle="" numfont="Lucida Calligraphy">
        <obj class="LexSense" field="MorphoSyntaxAnalysis" frag="showMoMorphoSyntaxAnalysis"/>
        <obj class="LexSense" field="SenseType" frag="showSenseType"/>
        <ifnot field="Definition" stringaltequals="" ws="analysis">
          <stringalt class="LexSense" field="Definition" ws="analysis"/>
          <lit>. </lit>
        </ifnot>
        <if field="Definition" stringaltequals="" ws="analysis">
          <ifnot field="Gloss" stringaltequals="" ws="analysis">
            <stringalt class="LexSense" field="Gloss" ws="analysis"/>
            <lit>. </lit>
          </ifnot>
        </if>
        <ifnot field="ScientificName" stringequals="">
          <lit> Scientific Name: </lit>
          <string class="LexSense" field="ScientificName"/>
          <lit>. </lit>
        </ifnot>
        <objseq class="LexSense" field="Examples" frag="showLexSenseExamples"/>
        <lit>&#32;</lit>
        <objseq class="LexSense" field="Senses" frag="showLexSubSenses"/>
      </frag>
      <frag name="showSenseType">
        <stringalt class="CmPossibility" field="Name" ws="analysis"/>
        <lit>. </lit>
      </frag>
      <frag name="showLexSenseExamples" sep="  ">
        <span>
          <properties>
            <bold value="on"/>
          </properties>
          <stringalt class="LexExampleSentence" field="Example" ws="vernacular"/>
        </span>
        <objseq class="LexExampleSentence" field="Translations" frag="showLexTranslations"/>
      </frag>
      <frag name="showLexTranslations" sep=" ">
        <ifnot field="Translation" stringaltequals="" ws="analysis">
          <lit>&#32;</lit>
          <obj class="CmTranslation" field="Type" frag="showTranslationType"/>
          <stringalt class="CmTranslation" field="Translation" ws="analysis"/>
        </ifnot>
      </frag>
      <frag name="showTranslationType">
        <ifnot field="Abbreviation" stringaltequals="" ws="analysis">
          <stringalt class="CmPossibility" field="Abbreviation" ws="analysis"/>
          <lit>&#32;</lit>
        </ifnot>
      </frag>
    </parameters>
  </control>
</view>
