<?xml version="1.0" encoding="UTF-8"?>
<window label="Lexical Database Editor" settingsId="LexEd">
	<includeBase path="../WW Common/WWBaseConfigurationInclude.xml"/>
	<commands>
		<include query="window/commands/*"/>
		<include path="DataTreeInclude.xml" query="window/commands/*"/>
		<command id="CmdGoToEntry" label="Go to entry..." message="GotoLexEntry" icon="goToEntry">
			<parameters title="Go To Entry" formlabel="Go _To:" okbuttonlabel="_Go"/>
		</command>
		<command id="CmdInsertMajorEntry" label="New _Major Entry" message="InsertItemInVector" shortcut="CTRL+I" icon="majorEntry">
			<parameters className="LexMajorEntry"/>
		</command>
		<command id="CmdInsertSubentry" label="New _Subentry" message="InsertItemInVector" icon="subentry">
			<parameters className="LexSubentry"/>
		</command>
		<command id="CmdInsertMinorEntry" label="New Minor _Entry" message="InsertItemInVector" icon="minorEntry">
			<parameters className="LexMinorEntry"/>
		</command>
		<!--<command id="CmdCategoryViewer" label="View Categories..." message="ViewCategories"/>-->
	</commands>
	<lists>
		<list id="ListTools">
			<item id="Entries" label="Entries" value="entries" icon="GenericTool">
				<parameters id="Entries">
					<recordList owner="LexicalDatabase" property="Entries"/>
					<filters/>
					<sortMethods>
						<sortMethod label="Default" assemblyPath="Filters.dll" class="SIL.FieldWorks.Filters.PropertyRecordSorter" sortProperty="ShortName"/>
						<sortMethod label="Primary Gloss" assemblyPath="Filters.dll" class="SIL.FieldWorks.Filters.PropertyRecordSorter" sortProperty="PrimaryGloss"/>
					</sortMethods>
					<views>
						<view id="BasicEditView" label="Basic Edit" value="basicEdit" icon="EditView">
							<control assemblyPath="xWorks.dll" class="SIL.FieldWorks.XWorks.RecordEditView">
								<parameters templatePath="LexText\Configuration\Lexicon\Edit\XDEs" filterPath="LexText\Configuration\Lexicon\Edit\DataEntryFilters\basicFilter.xml" persistContext="basicEdit">
									<menuHandler assemblyPath="LexEdDll.dll" class="SIL.FieldWorks.XWorks.LexEd.LexEntryMenuHandler"/>
								</parameters>
							</control>
						</view>
						<view label="Advanced Edit" value="completeEdit" icon="EditView">
							<control assemblyPath="xWorks.dll" class="SIL.FieldWorks.XWorks.RecordEditView">
								<parameters templatePath="LexText\Configuration\Lexicon\Edit\XDEs" filterPath="LexText\Configuration\Lexicon\Edit\DataEntryFilters\basicPlusFilter.xml" persistContext="advancedEdit">
									<menuHandler assemblyPath="LexEdDll.dll" class="SIL.FieldWorks.XWorks.LexEd.LexEntryMenuHandler"/>
								</parameters>
							</control>
						</view>
						<include path="BrowseViewInclude.xml" query="view"/>
						<include path="DocumentViewInclude.xml" query="view"/>
					</views>
				</parameters>
			</item>
			<item id="Problems" label="Problems" value="problems" icon="GenericTool">
				<parameters id="Problems">
					<recordList owner="LanguageProject" property="Problems"/>
					<filters>
						<filter label="Default" assemblyPath="Filters.dll" class="SIL.FieldWorks.Filters.ProblemAnnotationFilter" targetClasses="LexEntry, LexSense, PhEnvironment"/>
					</filters>
					<sortMethods/>
					<views>
						<view label="Problems" value="problems" icon="EditView">
							<control assemblyPath="xWorks.dll" class="SIL.FieldWorks.XWorks.RecordEditView">
								<parameters templatePath="WW Common\XDEs" persistContext="problems"/>
							</control>
						</view>
					</views>
				</parameters>
			</item>
		</list>
	</lists>
	<menubar>
		<include query="window/menubar/menu[@b4InsertMenu]"/>
		<menu id="Tools" label="_Tools " list="ListTools" behavior="singlePropertyAtomicValue" property="toolChoice"/>
		<menu id="Insert" label="_Insert">
			<item command="CmdInsertMajorEntry"/>
			<item command="CmdInsertSubentry"/>
			<item command="CmdInsertMinorEntry"/>
		</menu>
		<menu id="Data" label="_Data">
			<item command="CmdFirstRecord"/>
			<item command="CmdPreviousRecord"/>
			<item command="CmdNextRecord"/>
			<item command="CmdLastRecord"/>
			<item label="-"/>
			<item command="CmdGoToEntry"/>
			<!--<item command="CmdCategoryViewer"/>-->
		</menu>
		<include query="window/menubar/menu[not(@b4InsertMenu)]"/>
	</menubar>
	<contextMenus>
		<include query="window/contextMenus/*"/>
		<include path="DataTreeInclude.xml" query="window/contextMenus/*"/>
	</contextMenus>
	<sidebar>
		<tab label="Tools" list="ListTools" behavior="singlePropertyAtomicValue" property="toolChoice"/>
		<include query="window/sidebar/*"/>
	</sidebar>
	<toolbars>
		<!--	Brings out bug where showing a list forces the list to set a current value which then propogates messages to a world that is not ready for them!
	
		<toolbar id="BarViews" list="ListViews" behavior="singlePropertyAtomicValue" property="currentContentControl"/> -->
		<!--<toolbar id="Insert">
			<item command="CmdDataTree-Insert-StemAllomorph"/>
			<item command="CmdDataTree-Insert-AffixAllomorph"/>
		</toolbar>-->
		<!--    <include query="window/toolbars/*"/> -->
		<toolbar id="Master">
			<item command="CmdSave"/>
			<item command="CmdDeleteRecord"/>
			<item label="-"/>
			<item command="CmdFirstRecord"/>
			<item command="CmdPreviousRecord"/>
			<item command="CmdNextRecord"/>
			<item command="CmdLastRecord"/>
			<item label="-"/>
			<item command="CmdInsertMajorEntry"/>
			<item command="CmdInsertMinorEntry"/>
			<item command="CmdInsertSubentry"/>
			<item command="CmdGoToEntry"/>
		</toolbar>
	</toolbars>
	<statusbar>
		<include query="window/statusbar/*"/>
	</statusbar>
	<resources>
		<include query="window/resources/*"/>
		<imageList assemblyPath="LexEdDll.dll" class="SIL.FieldWorks.XWorks.LexEd.ImageHolder" field="smallImages" size="small" labels="Pie, Circle, TwoHalfs, Help"/>
		<imageList assemblyPath="LexEdDll.dll" class="SIL.FieldWorks.XWorks.LexEd.LexEntryImages" field="buttonImages" size="small" labels="majorEntry, minorEntry, subentry, goToEntry"/>
	</resources>
	<listeners>
		<include query="window/listeners/*"/>
		<listener assemblyPath="LexTextControls.dll" class="SIL.FieldWorks.Linguistics.Common.InsertEntryDlg"/>
		<listener assemblyPath="LexTextControls.dll" class="SIL.FieldWorks.Linguistics.Common.Go_LinkDlg"/>
		<listener assemblyPath="LexTextControls.dll" class="SIL.FieldWorks.Linguistics.Common.ListViewer"/>
		<listener assemblyPath="xWorks.dll" class="SIL.FieldWorks.XWorks.ToolEnvironmentManager"/>
		<listener assemblyPath="xCoreOpenSourceAdapter.dll" class="XCore.ContextHelper">
			<parameters contextHelpPath="contextHelp.xml"/>
		</listener>
	</listeners>
	<!--set the value of some simple properties to the defaults we want in the case that this is the first time the user has run the program, or the settings file is missing, or the program was launched with the shift key down-->
	<defaultProperties>
		<include query="window/defaultProperties/*"/>
		<!--we want to show the record list bar by default. if the user turns it off, than the preference will be saved in their settings file -->
		<property name="ShowTreeBar" bool="true" persist="true"/>
		<property name="InitialTool" value="entries"/>
		<property name="ViewForToolNamed_entries" value="basicEdit"/>
		<property name="SendSync" bool="true"/>
		<!-- if we make a menu option to control this, we should probably persist it -->
		<property name="SyncOnIdle" bool="true"/>
		<!-- this doomed application should use the open source library -->
		<property name="PreferredUILibrary" value="xCoreOpenSourceAdapter.dll"/>
		<!-- set this property to the item with the id "pos" of the list "ListTools". will also set the "toolChoiceParameters" property to the contents of the corresponding <parameters> node.
		note that this currently should match the tool chosen below, under <contentClass> -->
		<!-- simple string properties can be set like this: <property name ="UserName" value="Leroy"/> -->
	</defaultProperties>
	<!-- The class which will  fill up the window (minus the sidebar, toolbars, and menubar).
	This path is relative to be executing application.-->
	<!--contentClass assemblyPath="xWorks.dll" class="SIL.FieldWorks.XWorks.RecordEditView">
		<parameters field="Entries" templatePath="LexEd\XDEs" filterPath="LexEd\basicFilter.xml">
			<menuHandler assemblyPath="LexEdDll.dll" class="SIL.FieldWorks.XWorks.LexEd.LexEntryMenuHandler"/>-
		</parameters>
	</contentClass -->
</window>
