<?xml version="1.0" encoding="UTF-8"?>
<!-- 	you do not have to specify the text attribute if it is identical to the id one.
		e.g. <string id="Anywhere"/> is equivalent to <string id="Anywhere" txt="Anywhere"/> 
-->
<strings inheritPath="../WW Common">
<!-- strings which are share by more than 1 application go in "WW Common" -->
  <group id="ClassNames">
    <string id="LexMajorEntry" txt="Major Entry"/>
    <string id="LexSubentry" txt="Subentry"/>
    <string id="LexMinorEntry" txt="Minor Entry"/>
  </group>
  <group id="DialogTitles">
    <string id="CreateMajorEntry" txt="Create Major Entry"/>
    <string id="CreateMinorEntry" txt="Create Minor Entry"/>
    <string id="CreateSubEntry" txt="Create Subentry"/>
    <string id="AffixSlotOrCategory" txt="Affix Slot or Category"/>
    <string id="CategoryTitle" txt="Category"/>
    <string id="FromCategoryTitle" txt="From Category"/>
    <string id="ToCategoryTitle" txt="To Category"/>
  </group>
</strings>
