<?xml version="1.0" encoding="UTF-8"?>
<toolset>
	<group label="Lexicon">
		<tool label="Entries: Data Entry">
			<blade dll="VectorEditor.dll" view="edit">
				<params collectionField="Entries" customTemplatePaths="LexEd\M3\Complete, LexEd\M3\Basic"/>
			</blade>
		</tool>
		<tool label="Entries: Browse">
			<blade dll="BrowsePlugin.dll" view="edit">
				<params>
					<columns>
						<column label="Citation Form" width="30%">
							<stringalt class="LexEntry" field="CitationForm" ws="vernacular"/>
						</column>
						<column label="Gloss" width="70%">
							<obj class="LexEntry" field="Senses" frag="LexSense"/>
						</column>
					</columns>
					<fragments>
						<frag root="false" name="MoForm">
							<para>
								<stringalt class="MoForm" field="Form" ws="vernacular"/>
							</para>
						</frag>
						<frag root="false" name="LexSense">
							<para>
								<stringalt class="LexSense" field="Gloss" ws="analysis"/>
							</para>
						</frag>
					</fragments>
				</params>
			</blade>
		</tool>
	</group>
	<group label="Phonology">
		<tool label="Phoneme Sets">
			<blade dll="VectorEditor.dll" view="edit">
				<params collectionField="PhonemeSets" customTemplatePaths="MorphologyEditor\Complete, MorphologyEditor\Basic"/>
			</blade>
		</tool>
		<tool label="Natural Classes">
			<blade dll="VectorEditor.dll" view="edit">
				<params collectionField="NaturalClasses" customTemplatePaths="MorphologyEditor\Complete, MorphologyEditor\Basic"/>
			</blade>
		</tool>
		<tool label="Environments">
			<blade dll="VectorEditor.dll" view="edit">
				<params collectionField="Environments" customTemplatePaths="MorphologyEditor\Complete, MorphologyEditor\Basic"/>
			</blade>
		</tool>
	</group>
	<group label="Morphology">
		<tool label="Compound Rules">
			<blade dll="VectorEditor.dll" view="edit">
				<params collectionField="CompoundRules" customTemplatePaths="MorphologyEditor\Complete, MorphologyEditor\Basic"/>
			</blade>
		</tool>
		<tool label="Adhoc Coprohibitions">
			<blade dll="VectorEditor.dll" view="edit">
				<params collectionField="AdhocCoprohibitions" customTemplatePaths="MorphologyEditor\Complete, MorphologyEditor\Basic"/>
			</blade>
		</tool>
	</group>
	<group label="Grammar">
		<tool label="Parts of Speech">
			<blade dll="VectorEditor.dll" view="edit">
				<params collectionField="PartsOfSpeech" customTemplatePaths="MorphologyEditor\Complete, MorphologyEditor\Basic"/>
			</blade>
		</tool>
	</group>
	<group label="Grammar Sketch">
		<tool label="Morphology Sketch">
			<blade dll="SqlXmlViewer.dll" view="edit">
				<params regKeyName="MorphSketchGen" dialogTitle="Generate Morphological Sketch">
					<sqlxmlRetriever beginElement="M3Dump">
						<wrapItems progressPrompt="Retrieving Language Project Info" wrappingElement="LanguageProject">
							<item xpath="LanguageProject/CmProject"/>
							<item xpath="LanguageProject/LanguageProject_MainCountry"/>
						</wrapItems>
						<item progressPrompt="Retrieving Writing Systems" xpath="LgWritingSystem"/>
						<wrappedItem progressPrompt="Retrieving Parts of Speech" xpath="PartOfSpeech" wrappingElement="PartsOfSpeech"/>
						<item progressPrompt="Retrieving Phonological Data" xpath="PhPhonologicalData"/>
						<item progressPrompt="Retrieving Compound Rules" xpath="MoMorphologicalData/MoMorphologicalData-CompoundRules"/>
						<!--						<item progressPrompt="Retrieving Adhoc Prohibitions" xpath="MoMorphologicalData/MoMorphologicalData-AdhocCoProhibitions"/> -->
						<wrapItems progressPrompt="Retrieving Adhoc Prohibitions" wrappingElement="AdhocCoProhibitions">
							<item xpath="MoAllomorphAdhocCoProhibition"/>
							<item xpath="MoMorphemeAdhocCoProhibition"/>
							<item xpath="MoAdhocCoProhibitionGroup"/>
						</wrapItems>
						<wrappedItem progressPrompt="Retrieving Morph Types" xpath="MoMorphType" wrappingElement="MoMorphTypes"/>
						<wrapItems progressPrompt="Retrieving Lexical Entries" wrappingElement="Entries">
							<item xpath="LexMajorEntry"/>
							<item xpath="LexMinorEntry"/>
						</wrapItems>
						<wrappedItem progressPrompt="Retrieving Stem Information" xpath="MoStemMsa" wrappingElement="MoStemMsas"/>
						<wrappedItem progressPrompt="Retrieving Derivational Affix Information" xpath="MoDerivationalAffixMsa" wrappingElement="MoDerivationalAffixMsas"/>
						<wrappedItem progressPrompt="Retrieving Inflectional Affix Information" xpath="MoInflectionalAffixMsa" wrappingElement="MoInflectionalAffixMsas"/>
						<wrappedItem progressPrompt="Retrieving Senses" xpath="LexSense" wrappingElement="Senses"/>
						<wrappedItem progressPrompt="Retrieving Stem Allomorphs" xpath="MoStemAllomorph" wrappingElement="StemAllomorphs"/>
						<wrappedItem progressPrompt="Retrieving Affix Allomorphs" xpath="MoAffixAllomorph" wrappingElement="AffixAllomorphs"/>
					</sqlxmlRetriever>
					<transforms>
						<transform progressPrompt="Creating XLingPap" file="M3SketchSvrXMLM3MorphologySketch.xsl" ext="xml">
							<xsltParameters>
								<!-- value="en" is English -->
								<param name="sSketchLangICULocale" value="en"/>
								<!-- the value of "TransformDirectory" is a special key the SqlXmlViewer.dll knows about -->
								<param name="sWordWorksTransformPath" value="TransformDirectory"/>
							</xsltParameters>
						</transform>
						<transform progressPrompt="Creating Html form of XLingPap" file="XLingPap1.xsl" ext="htm"/>
					</transforms>
				</params>
			</blade>
		</tool>
	</group>
</toolset>
