<?xml version="1.0" encoding="UTF-8"?>
<!-- Data Entry Slice specification for MoCompoundRule classes used in TreeForms unit tests -->
<xde>
  <template class="MoCompoundRule">
    <node attr="Name" label="Name" editor="string" ws="analysis"/>
    <if is="MoEndocentricCompound">
      <node attr="HeadLast" label="Right Headed" editor="Checkbox"/>
    </if>
  </template>
  <template class="PartOfSpeech">
    <node attr="Name" label="Name" editor="string" ws="analysis"/>
    <node attr="Abbreviation" label="Abbreviation" editor="string" ws="analysis"/>
    <node label="AffixSlots">
      <seq attr="AffixSlots"/>
    </node>
    <node label="AffixTemplates">
      <seq attr="AffixTemplates"/>
    </node>
    <node label="SubPossibilities">
      <seq attr="SubPossibilities" mode="nested"/>
    </node>
    <node attr="DateCreated" label="DateCreated" editor="Time"/>
    <node attr="DateModified" label="DateModified" editor="Time"/>
  </template>
  <template class="PartOfSpeech" mode="nested">
    <node label="Part of speech:Name" editor="jtview">
      <deParams>
        <frag root="true" name="name">
          <para>
            <stringalt class="PartOfSpeech" field="Name" ws="analysis"/>
          </para>
        </frag>
      </deParams>
      <node attr="Abbreviation" label="Abbreviation" editor="string" ws="analysis"/>
      <node label="AffixSlots">
        <seq attr="AffixSlots"/>
      </node>
      <node label="AffixTemplates">
        <seq attr="AffixTemplates"/>
      </node>
      <node label="SubPossibilities">
        <seq attr="SubPossibilities" mode="nested"/>
      </node>
      <node attr="DateCreated" label="DateCreated" editor="Time"/>
      <node attr="DateModified" label="DateModified" editor="Time"/>
    </node>
  </template>
</xde>
