<?xml version="1.0" encoding="UTF-8"?>
<!-- edited with XML Spy v4.4 U (http://www.xmlspy.com) by Randy Regnier (SIL International) -->
<!-- This file is included in WordWorks.build.xml -->
<project name="Oyster" default="allOyster">
	<!-- ********************************************************************************** -->
	<!-- Add super target here -->
	<!-- -->
	<target name="allOyster" description="Build all of the Oyster projects.">
		<call target="OysterExe"/>
		<call target="OysterDll"/>
		<call target="FwToolBroker"/>
		<call target="VectorEditor"/>
		<call target="BrowsePlugin"/>
		<call target="HtmlViewer"/>
		<call target="SqlXmlViewer"/>
		<!-- Add other 'call' tasks. The order isn't important, as long as each target
		sets its own 'depends' attribute to what is essential for it. -->
	</target>
	<!-- -->
	<target name="remakeoyster" description="Completely rebuilds Oyster.">
		<tstamp/>
		<property name="build-action" value="cc register"/>
		<call target="blow-away-output" failonerror="false"/>
		<call target="remakeoyster-internal" failonerror="false"/>
		<if propertytrue="fw-remakefw-internal-error">
			<if propertyexists="fw-build-error">
				<property name="fw-build-error" value="${fw-build-error}; remakeoyster (${config}) failed"/>
			</if>
			<ifnot propertyexists="fw-build-error">
				<property name="fw-build-error" value="remakeoyster (${config}) failed"/>
			</ifnot>
		</if>
		<ifnot propertyexists="fw-build-error">
			<!-- Builds the blank LP for creating new LPs. -->
			<call target="BlankLP"/>
			<!-- We can call these ourselves, if we want them.
			<call target="ZPI"/>
			<call target="ZPU"/>
			<call target="Kalaba"/>
			-->
		</ifnot>
	</target>
	<!-- -->
	<target name="remakeoyster-internal" description="Completely rebuilds Oyster - don't call directly">
		<property name="fw-remakefw-internal-error" value="true"/>
		<call target="testlangproj"/>
		<call target="allOyster"/>
		<property name="fw-remakefw-internal-error" value="false"/>
	</target>
	<!-- -->
	<!-- ********************************************************************************** -->
	<!-- Add individual project targets below this point. -->
	<!-- -->
	<target name="OysterExe" depends="OysterDll,RootSite" description="Build Oyster project.">
		<call target="OysterExe-nodep"/>
		<!-- Copy non-referenced dlls. -->
		<copy todir="${fwroot}\Output\${config}\OysterExe">
			<fileset>
				<includes name="${fwroot}\Output\${config}\VectorEditor\VectorEditor.*"/>
				<includes name="${fwroot}\Output\${config}\TreeForms\TreeForms.*"/>
				<includes name="${fwroot}\Output\${config}\HtmlViewer\HtmlViewer.*"/>
				<includes name="${fwroot}\Output\${config}\HtmlViewer\AxInterop.SHDocVw.dll"/>
				<includes name="${fwroot}\Output\${config}\HtmlViewer\Interop.SHDocVw.dll"/>
				<includes name="${fwroot}\Output\${config}\BrowsePlugin\BrowsePlugin.*"/>
				<includes name="${fwroot}\Output\${config}\SqlXmlViewer\SqlXmlViewer.*"/>
				<includes name="${fwroot}\Output\${config}\SqlXmlViewer\Interop.MSXML2.dll"/>
				<includes name="${fwroot}\Output\${config}\WWUtils\WWUtils.*"/>
			</fileset>
		</copy>
	</target>
	<!-- -->
	<target name="OysterDll" depends="basic-cpp, Framework, FwToolBroker, VectorEditor, 
		BrowsePlugin, HtmlViewer, RootSite, SqlXmlViewer" description="Build Oyster project.">
		<call target="OysterDll-nodep"/>
	</target>
	<!-- -->
	<target name="FwToolBroker" depends="FDO, Utils" description="Build FwToolBroker project.">
		<call target="FwToolBroker-nodep"/>
	</target>
	<!-- -->
	<target name="VectorEditor" depends="FwToolBroker, TreeForms" description="Build VectorEditor project.">
		<call target="VectorEditor-nodep"/>
	</target>
	<!-- -->
	<target name="BrowsePlugin" depends="FwToolBroker, TreeForms" description="Build BrowsePlugin project.">
		<call target="BrowsePlugin-nodep"/>
	</target>
	<!-- -->
	<target name="HtmlViewer" depends="FwToolBroker, FDO" description="Build HtmlViewer project.">
		<call target="HtmlViewer-nodep"/>
	</target>
	<!-- -->
	<target name="SqlXmlViewer" depends="FwToolBroker, FDO, Utils, WWUtils, SKETCH" description="Build SqlXmlViewer project.">
		<call target="SqlXmlViewer-nodep"/>
	</target>
	<!-- -->
	<!-- ********************************************************************************** -->
	<!-- Add individual project targets below this point without dependencies. -->
	<!-- -->
	<target name="OysterExe-nodep" description="Build Oyster EXE project.">
		<property name="dir.srcProj" value="${fwroot}\Src\WW-Conch\Oyster\OysterExe"/>
		<call target="vsconvert-convert" force="true"/>
	</target>
	<!-- -->
	<target name="OysterDll-nodep" description="Build Oyster Dll project.">
		<property name="dir.srcProj" value="${fwroot}\Src\WW-Conch\Oyster\OysterDll"/>
		<call target="vsconvert-convert" force="true"/>
	</target>
	<!-- -->
	<target name="FwToolBroker-nodep" description="Build FwToolBroker project.">
		<property name="dir.srcProj" value="${fwroot}\Src\WW-Conch\FwToolBroker"/>
		<call target="vsconvert-convert" force="true"/>
	</target>
	<!-- -->
	<target name="VectorEditor-nodep" description="Build VectorEditor project.">
		<property name="dir.srcProj" value="${fwroot}\Src\WW-Conch\VectorEditor"/>
		<call target="vsconvert-convert" force="true"/>
	</target>
	<!-- -->
	<target name="BrowsePlugin-nodep" description="Build BrowsePlugin project.">
		<property name="dir.srcProj" value="${fwroot}\Src\WW-Conch\BrowsePlugin"/>
		<call target="vsconvert-convert" force="true"/>
	</target>
	<!-- -->
	<target name="HtmlViewer-nodep" description="Build HtmlViewer project.">
		<property name="dir.srcProj" value="${fwroot}\Src\WW-Conch\HtmlViewer"/>
		<call target="vsconvert-convert" force="true"/>
	</target>
	<!-- -->
	<target name="SqlXmlViewer-nodep" description="Build SqlXmlViewer project.">
		<property name="dir.srcProj" value="${fwroot}\Src\WW-Conch\SqlXmlViewer"/>
		<call target="vsconvert-convert" force="true"/>
	</target>
	<!-- -->
	<!-- ********************************************************************************** -->
	<!-- Add internal project targets here. These should not be called outside of this project. -->
	<!-- -->
	<!-- ********************************************************************************** -->
	<!-- Add project includes here -->
	<!-- -->
</project>
