<?xml version="1.0" encoding="UTF-8"?>
<!-- edited with XML Spy v4.4 U (http://www.xmlspy.com) by Randy Regnier (SIL International) -->
<!-- This file is included in WordWorks_xWorks.build.xml -->
<project name="IText" default="ITextExe">
	<!-- ********************************************************************************** -->
	<!-- Add super target here -->
	<!-- -->
	<target name="remakeIText" description="Completely rebuilds IText.">
		<property name="remakeSfx" value="IText"/>
		<call target="remakeFOO"/>
	</target>
	<!-- -->
	<!-- ********************************************************************************** -->
	<!-- Add individual project targets below this point. -->
	<!-- -->
	<target name="ITextExe" description="Build ITextExe project."
		depends="xWorks,xCore,FDO,Framework,Utils,FwControls,COMInterfaces,xCoreInterfaces,
		LexTextControls,ITextDll,RootSite,SimpleRootSite,xCoreOpenSourceAdapter">
		<call target="ITextExe-nodep"/>
	</target>
	<target name="ITextExe-nodep" description="Build ITextExe project.">
		<property name="dir.srcProj" value="${fwroot}\Src\LexText\DoomedExes\ITextExe"/>
		<call target="vsconvert-convert"/>
	</target>
	<!-- -->
	<target name="ITextDll" description="Build ITextDll project."
		depends="xWorks,xCore,FDO,FdoUi,TreeForms,Reporting,RootSite,xCoreInterfaces,FwResources,
		XMLViews,FXTDll,Framework,Utils,XMLUtils,FwControls,LexTextControls,COMInterfaces,
		FwCoreDlgs,Widgets,LexTextControls,Filters,SimpleRootSite">
		<call target="ITextDll-nodep"/>
	</target>
	<target name="ITextDll-nodep" description="Build ITextDll project.">
		<property name="dir.srcProj" value="${fwroot}\Src\LexText\Interlinear"/>
		<call target="vsconvert-convert"/>
	</target>
	<!-- -->
	<target name="mm-IText" depends="mm-init" description="Build IText merge module.">
		<call target="mm-clean"/>
		<delete dir="${fwroot}\DistFiles\IText\Bin" failonerror="false"/>
		<property name="LatestDatabaseName" value="TestLangProj" if="${debug}"/>
		<property name="LatestDatabaseName" value="Lela-Teli 2" unless="${debug}"/>
		<msm
			output="${dir.fwinstall}\${config}\IText.msm"
			sourcedir="${dir.fwoutput}\"
			debug="${verbose}"
			verbose="${verbose}"
			id="ITEXT_MergeModule"
			deterministicguids="true"
			startguid="8000">
			<properties>
				<property name="Dummy" value="No value"/>
			</properties>
			<tables>
				<table name="RemoveFile">
					<columns>
						<column name="FileKey" nullable="false" category="Identifier"  key="true"
							description="Primary key used to identify this particular table entry."/>
						<column name="Component_" nullable="false" category="Identifier" key="false"
							keytable="Component" keycolumn="1"
							description="Foreign key into the Component table denoting the component that controls the file to be removed."/>
						<column name="FileName" nullable="true" category="WildCardFilename" key="false"
							description="Name of the file to be removed. If this column is null, then the specified folder will be removed if it is empty. All of the files that match the wildcard will be removed from the specified directory."/>
						<column name="DirProperty" nullable="false" category="Identifier" key="false"
							description="Name of a property whose value is assumed to resolve to the full pathname to the folder of the file to be removed."/>
						<column name="InstallMode" nullable="false" key="false" set="1;2;3"
							description="Installation option, one of iimEnum."/>
					</columns>
					<rows>
						<row>
							<columns>
								<column name="FileKey" value="FileKey_ITextMenu"/>
								<column name="Component_" value="C_ITEXT_BB4B452048E34AB899B4E42BD9148F46"/>
								<column name="DirProperty" value="ITextMenu"/>
								<column name="InstallMode" value="2"/>
							</columns>
						</row>
					</rows>
				</table>
			</tables>
			<directories>
				<directory name="FWROOT" foldername="FieldWorks" root="ProgramFilesFolder">
					<directory name="ITEXT" foldername="IText"/>
				</directory>
				<directory name="FWMenu" foldername="FieldWorks" root="ProgramMenuFolder">
					<directory name="ITextMenu" foldername="Interlinear Text Editor"/>
				</directory>
			</directories>
			<components>
				<component name="ITEXTExecutable" id="{4AC5EEDD-853B-4F74-A89E-846FAD946A59}" attr="2" 
					directory="FWROOT" checkinterop="true">
					<fileset basedir="${dir.fwoutput}\${config}">
						<includesList name="${dir.fwinstall}\${config}\IText.exe-Modules.txt" />
					</fileset>
					<forceid file="IText.exe" id="ITEXT_BB4B452048E34AB899B4E42BD9148F46"/>
				</component>
				<component name="ITEXTConfigFiles" id="{5B7C9829-B71D-4327-A6C3-6710399D175B}" attr="2" 
					directory="ITEXT" checkinterop="false">
					<fileset basedir="${dir.fwdistfiles}\IText">
						<includes name="**" />
					</fileset>
				</component>
			</components>
            <registry>
				<key path="SOFTWARE\SIL\Fieldworks\IText" root="user">
					<value name="LatestDatabaseServer" value="[ComputerName]\SILFW" id="ITEXT_3F9D8A724DA54F27A5871197450F68AB"/>
					<value name="LatestDatabaseName" value="${LatestDatabaseName}"/>
				</key>
            </registry>
			<shortcuts>
				<shortcut name="Shortcut_ITEXT_Desktop_Deb"
					directory="DesktopFolder"
					filename="ITEXTDeb|Interlinear Text Editor (Debug)"
					component="C_ITEXT_3F9D8A724DA54F27A5871197450F68AB"
					target="[FWROOT]\IText.exe"
					showcmd="1"
					if="${debug}">
					<description>Interlinear Text Editor (Debug version)</description>
				</shortcut>
				<shortcut name="Shortcut_ITEXT_Deb"
					directory="ITextMenu"
					filename="ITEXTDeb|Interlinear Text Editor (Debug)"
					component="C_ITEXT_3F9D8A724DA54F27A5871197450F68AB"
					target="[FWROOT]\IText.exe"
					showcmd="1"
					if="${debug}" >
					<description>Interlinear Text Editor (Debug Version)</description>
				</shortcut>
				<shortcut name="Shortcut_ITEXT_Desktop"
					directory="DesktopFolder"
					filename="ITEXT|Interlinear Text Editor"
					component="C_ITEXT_3F9D8A724DA54F27A5871197450F68AB"
					target="[FWROOT]\IText.exe"
					showcmd="1"
					unless="${debug}">
					<description>Interlinear Text Editor</description>
				</shortcut>
				<shortcut name="Shortcut_ITEXT"
					directory="ITextMenu"
					filename="ITEXT|Interlinear Text Editor"
					component="C_ITEXT_3F9D8A724DA54F27A5871197450F68AB"
					target="[FWROOT]\IText.exe"
					showcmd="1"
					unless="${debug}">
					<description>Interlinear Text Editor</description>
				</shortcut>
			</shortcuts>
		</msm>
	</target>
	<!-- -->
	<!-- ********************************************************************************** -->
	<!-- Add internal project targets here. These should not be called outside of this project. -->
	<!-- -->
	<target name="remakeIText-internal" description="Completely rebuilds IText - don't call directly">
		<property name="fw-remake-internal-error" value="true"/>
		<call target="remakeIText-internal-core"/>
		<property name="fw-remake-internal-error" value="false"/>
	</target>
	<target name="remakeIText-internal-core" description="Allows for replacing two 'call' task with one 'depends'."
		depends="requiredTestDatabases,ITextExe"/>
	<!-- -->
	<!-- ********************************************************************************** -->
	<!-- Add project includes here -->
	<!-- -->
	<!-- -->
</project>
