<?xml version="1.0" encoding="UTF-8"?>
<window>
<!-- includes inside of includes are not supported yet 	<includeBase path="../WW Common/WWBaseDataTreeInclude.xml"/> -->
<!-- 
  ===========================================================
  Commands
  ===========================================================
  -->
  <commands>
    <command id="CmdDataTree-Help" label="Help..." icon="Help"/>
  </commands>
<!-- 
  ===========================================================
  Context Menus
  ===========================================================
  -->
  <contextMenus>
<!-- 	<include query="window/contextMenus/*"/>-->
    <menu id="mnuDataTree-Help">
      <item command="CmdDataTree-Help"/>
    </menu>
  </contextMenus>
</window>
