<?xml version="1.0" encoding="UTF-8"?>
<window label="IText" settingsId="IText">
  <includeBase path="../WW Common/WWBaseConfigurationInclude.xml"/>
  <commands>
    <include query="window/commands/*"/>
    <include path="DataTreeInclude.xml" query="window/commands/*"/>
    <command id="CmdInsertText" label="_New Text" message="InsertItemInVector" shortcut="ALT+N">
      <parameters className="Text"/>
    </command>
    <command id="CmdParse" label="_Parse" message="ReParse" shortcut="ALT+P"/>
    <command id="CmdFinishLinguaLinksTextImport" label="Finish LinguaLinks Text Import" message="FinishLinguaLinksTextImport"/>
    <command id="CmdAddFreeTrans" label="Add _Free Translation" message="AddFreeTrans" shortcut="ALT+F"/>
    <command id="CmdAddLitTrans" label="Add _Literal Translation" message="AddLitTrans" shortcut="ALT+L"/>
    <command id="CmdAddNote" label="Add _Note" message="AddNote" shortcut="ALT+N"/>
  </commands>
  <lists>
    <list id="ListTools">
      <item label="Main" value="main" icon="GenericTool">
        <parameters id="Main">
          <recordList owner="LanguageProject" property="Texts"/>
          <filterMethods/>
          <sortMethods/>
          <views>
            <view label="Master" value="edit" icon="EditView">
              <control assemblyPath="ITextDll.dll" class="SIL.FieldWorks.IText.InterlinMaster">
                <parameters/>
              </control>
            </view>
            <view label="Text" value="edit" icon="EditView">
              <control assemblyPath="ITextDll.dll" class="SIL.FieldWorks.IText.ITextRecordView">
                <parameters templatePath="LexText\Configuration\Texts\IText\XDEs"/>
              </control>
            </view>
            <view label="Document" value="doc" icon="EditView">
              <control assemblyPath="ITextDll.dll" class="SIL.FieldWorks.IText.InterlinDocView">
                <parameters field="Texts">
								</parameters>
              </control>
            </view>
          </views>
        </parameters>
      </item>
    </list>
  </lists>
  <menubar>
    <include query="window/menubar/menu[@b4InsertMenu]"/>
    <menu id="Texts" label="_Texts">
      <item command="CmdInsertText"/>
      <item command="CmdParse"/>
      <item command="CmdFinishLinguaLinksTextImport"/>
      <item label="-"/>
      <item command="CmdAddFreeTrans"/>
      <item command="CmdAddLitTrans"/>
      <item command="CmdAddNote"/>
      <item label="-"/>
      <item command="CmdFirstRecord"/>
      <item command="CmdPreviousRecord"/>
      <item command="CmdNextRecord"/>
      <item command="CmdLastRecord"/>
    </menu>
    <include query="window/menubar/menu[not(@b4InsertMenu)]"/>
  </menubar>
  <sidebar>
    <tab label="Tools" list="ListTools" behavior="singlePropertyAtomicValue" property="toolChoice"/>
    <include query="window/sidebar/*"/>
  </sidebar>
  <toolbars>
    <toolbar id="Master">
      <item command="CmdSave"/>
      <item label="-"/>
      <item command="CmdFirstRecord"/>
      <item command="CmdPreviousRecord"/>
      <item command="CmdNextRecord"/>
      <item command="CmdLastRecord"/>
      <item label="-"/>
    </toolbar>
  </toolbars>
  <statusbar>
    <include query="window/statusbar/*"/>
  </statusbar>
  <resources>
    <include query="window/resources/*"/>
  </resources>
  <listeners>
    <include query="window/listeners/*"/>
    <listener assemblyPath="xWorks.dll" class="SIL.FieldWorks.XWorks.ToolEnvironmentManager"/>
    <listener assemblyPath="ITextDll.dll" class="SIL.FieldWorks.IText.LinguaLinksTextImporter"/>
  </listeners>
<!--set the value of some simple properties to the defaults we want in the case that this is the first time the user has run the program, or the settings file is missing, or the program was launched with the shift key down-->
  <defaultProperties>
    <property name="SendSync" bool="true"/> <!-- if we make a menu option to control this, we should probably persist it -->
    <property name="ShowTreeBar" bool="false" persist="true"/>
    <property name="InitialTool" value="main"/>
    <property name="ViewForToolNamed_main" value="interlinear"/>
<!-- set this property to the item with the id "pos" of the list "ListTools". will also set the "toolChoiceParameters" property to the contents of the corresponding <parameters> node.
		note that this currently should match the tool chosen below, under <contentClass> -->
<!-- simple string properties can be set like this: <property name ="UserName" value="Leroy"/> -->
  </defaultProperties>
</window>
