<?xml version="1.0" encoding="UTF-8"?>
<window label="Word Analyzer" settingsId="WordAnalyzer">
  <includeBase path="../WW Common/WWBaseConfigurationInclude.xml"/>
  <commands>
    <include query="window/commands/*"/>
    <include path="DataTreeInclude.xml" query="window/commands/*"/>
<!-- command id="CmdGoToEntry" label="Go to entry..." message="InsertLexEntry"/>
		<command id="CmdInsertMajorEntry" label="_Major Entry" message="InsertLexEntry">
			<parameters className="LexMajorEntry"/>
		</command>
		<command id="CmdInsertMinorEntry" label="Minor _Entry" message="InsertLexEntry">
			<parameters className="LexMinorEntry"/>
		</command>
		<command id="CmdFind" label="_Find..." message="ShowMockupDialog" shortcut="CTRL+F">
			<parameters path="{DISTFILES}/WW/LexEd/FindMockup.jpg" caption="Find... (mockup)"/>
		</command> 
		-->
  </commands>
  <menubar/>
  <sidebar/>
  <toolbars/>
  <statusbar>
    <include query="window/statusbar/*"/>
  </statusbar>
  <resources>
    <include query="window/resources/*"/>
  </resources>
  <listeners/>
<!-- The class which will  fill up the window (minus the sidebar, toolbars, and menubar).
	This path is relative to be executing application.-->
  <contentClass assemblyPath="xCore.dll" class="XCore.MultiPane">
    <parameters>
      <control assemblyPath="xWorks.dll" class="SIL.FieldWorks.XWorks.RecordEditView">
        <parameters field="Texts" templatePath="IText\XDEs"/>
      </control>
      <control assemblyPath="xWorks.dll" class="SIL.FieldWorks.XWorks.RecordEditView">
        <parameters field="Entries" templatePath="LexEd\XDEs" filterPath="LexEd\basicFilter.xml"><menuHandler assemblyPath="LexEdDll.dll" class="SIL.FieldWorks.XWorks.LexEd.LexEntryMenuHandler"/>-
							</parameters>
      </control>
    </parameters>
  </contentClass>
</window>
