<?xml version="1.0" encoding="UTF-8"?>
<AnalyzingAgentResults xmlns:xsi="http://www.w3.org/2000/10/XMLSchema-instance" xsi:noNamespaceSchemaLocation="C:\ww\code\SampleData\XMLFieldWorksParse.xsd">
	<AnalyzingAgent name="M3" human="false" version="Normal">
		<StateInformation/>
	</AnalyzingAgent>
	<WordSet>
		<WordForm DbRef="5706" Form="bears">
			<WfiAnalysis>
				<Morphs>
					<Morph>
						<MoForm DbRef="5722" Label="bear"/>
						<MSA DbRef="5723" Label="noun"/>
					</Morph>
					<Morph>
						<MoForm DbRef="5713" Label="-s"/>
						<MSA DbRef="5714" Label="PL"/>
					</Morph>
				</Morphs>
			</WfiAnalysis>
			<WfiAnalysis>
				<Morphs>
					<Morph>
						<MoForm DbRef="5722" Label="bear"/>
						<MSA DbRef="5724" Label="verb"/>
					</Morph>
					<Morph>
						<MoForm DbRef="5716" Label="-s"/>
						<MSA DbRef="5717" Label="3.sg.agr"/>
					</Morph>
				</Morphs>
			</WfiAnalysis>
		</WordForm>
		<WordForm DbRef="5709" Form="eat">
			<WfiAnalysis>
				<Morphs>
					<Morph>
						<MoForm DbRef="5719" Label="eat"/>
						<MSA DbRef="5720" Label="v.t."/>
					</Morph>
				</Morphs>
			</WfiAnalysis>
		</WordForm>
	</WordSet>
</AnalyzingAgentResults>
