<?xml version="1.0" encoding="UTF-8" ?>
<!-- SEE "ENABLE THIS FOR MAKING UNIT TEST FILES" IN WORKER.CS TO MAKE A NEW ONE OF THESE -->
  <AnalyzingAgentResults>
<AnalyzingAgent name="M3" human="false" version="Normal">
     <StateInformation />
</AnalyzingAgent>
<WordSet>
 <Wordform DbRef='9781' Form="ak">
  <WfiAnalysis>
   <Morphs>
    <Morph>
      <MoForm DbRef='9215' Label="a"/>
      <MSI DbRef='9211'/>
    </Morph>
    <Morph>
      <MoForm DbRef='4604' Label="k"/>
      <MSI DbRef='4602'/>
    </Morph>
   </Morphs>
  </WfiAnalysis>
  <WfiAnalysis>
   <Morphs>
    <Morph>
      <MoForm DbRef='9215' Label="a"/>
      <MSI DbRef='9211'/>
    </Morph>
    <Morph>
      <MoForm DbRef='4597' Label="k"/>
      <MSI DbRef='4595'/>
    </Morph>
   </Morphs>
  </WfiAnalysis>
  <WfiAnalysis>
   <Morphs>
    <Morph>
      <MoForm DbRef='9215' Label="a"/>
      <MSI DbRef='9211'/>
    </Morph>
    <Morph>
      <MoForm DbRef='2301' Label="k"/>
      <MSI DbRef='2295'/>
    </Morph>
   </Morphs>
  </WfiAnalysis>
  <WfiAnalysis>
   <Morphs>
    <Morph>
      <MoForm DbRef='9215' Label="a"/>
      <MSI DbRef='9211'/>
    </Morph>
    <Morph>
      <MoForm DbRef='1628' Label="k"/>
      <MSI DbRef='1626'/>
    </Morph>
   </Morphs>
  </WfiAnalysis>
 </Wordform>
</WordSet>
</AnalyzingAgentResults>
