<?xml version="1.0"?>
<include>
	<post-build>
		<!-- Copy plugins into Oyster exe output. -->
		<copy file="${fwroot}\Output\${config}\VectorEditor\VectorEditor.dll" todir="${dir.buildOutput}" />
		<copy file="${fwroot}\Output\${config}\TreeForms\TreeForms.dll" todir="${dir.buildOutput}" />
		<copy file="${fwroot}\Output\${config}\HtmlViewer\HtmlViewer.dll" todir="${dir.buildOutput}" />
		<copy file="${fwroot}\Output\${config}\BrowsePlugin\BrowsePlugin.dll" todir="${dir.buildOutput}" />
	</post-build>
	<post-clean>
		<delete file="${fwroot}\Output\${config}\VectorEditor\VectorEditor.dll" verbose="true" failonerror="false"/>
		<delete file="${fwroot}\Output\${config}\TreeForms\TreeForms.dll" verbose="true" failonerror="false"/>
		<delete file="${fwroot}\Output\${config}\HtmlViewer\HtmlViewer.dll" verbose="true" failonerror="false"/>
		<delete file="${fwroot}\Output\${config}\BrowsePlugin\BrowsePlugin.dll" verbose="true" failonerror="false"/>
	</post-clean>
</include>