<?xml version="1.0" encoding="UTF-8"?>
<toolset>
	
	<group label="Morphology" >
		<tool label="Adhoc Coprohibitions" >
			<blade dll="VectorEditor.dll" view="edit" >
				<params collectionField="AdhocCoprohibitions" />
			</blade>
		</tool>
		<tool label="Compound Rules" >
			<blade dll="VectorEditor.dll" view="edit" >
				<params collectionField="CompoundRules" />
			</blade>
		</tool>
	</group>
	
	<group label="Phonology" >
		<tool label="Phoneme Sets" >
			<blade dll="VectorEditor.dll" view="edit" >
				<params collectionField="PhonemeSets" />
			</blade>
		</tool>
		<tool label="Environments" >
			<blade dll="VectorEditor.dll" view="edit" >
				<params collectionField="Environments" />
			</blade>
		</tool>
		<tool label="Natural Classes" >
			<blade dll="VectorEditor.dll" view="edit" >
				<params collectionField="NaturalClasses" />
			</blade>
		</tool>
	</group>

</toolset>
